movement_source_key,product_id,movement_datetime,movement_type,quantity_change,source_type,source_id,reason_code,recorded_by
OPENING-2024-04-01-MILK_FULL,MILK_FULL,2024-04-01T05:00:00+11:00,ADJUSTMENT,30.000000,OPENING_BALANCE,OPENING-2024-04-01-MILK_FULL,OPENING_BALANCE,Manager
OPENING-2024-04-01-MILK_SKIM,MILK_SKIM,2024-04-01T05:00:00+11:00,ADJUSTMENT,6.000000,OPENING_BALANCE,OPENING-2024-04-01-MILK_SKIM,OPENING_BALANCE,Manager
OPENING-2024-04-01-MILK_ALMOND,MILK_ALMOND,2024-04-01T05:00:00+11:00,ADJUSTMENT,8.000000,OPENING_BALANCE,OPENING-2024-04-01-MILK_ALMOND,OPENING_BALANCE,Manager
OPENING-2024-04-01-MILK_OAT,MILK_OAT,2024-04-01T05:00:00+11:00,ADJUSTMENT,16.000000,OPENING_BALANCE,OPENING-2024-04-01-MILK_OAT,OPENING_BALANCE,Manager
OPENING-2024-04-01-MILK_SOY,MILK_SOY,2024-04-01T05:00:00+11:00,ADJUSTMENT,8.000000,OPENING_BALANCE,OPENING-2024-04-01-MILK_SOY,OPENING_BALANCE,Manager
OPENING-2024-04-01-MILK_LACTOSE_FREE,MILK_LACTOSE_FREE,2024-04-01T05:00:00+11:00,ADJUSTMENT,8.000000,OPENING_BALANCE,OPENING-2024-04-01-MILK_LACTOSE_FREE,OPENING_BALANCE,Manager
OPENING-2024-04-01-COFFEE_REGULAR,COFFEE_REGULAR,2024-04-01T05:00:00+11:00,ADJUSTMENT,8.000000,OPENING_BALANCE,OPENING-2024-04-01-COFFEE_REGULAR,OPENING_BALANCE,Manager
OPENING-2024-04-01-CROISSANT,CROISSANT,2024-04-01T05:00:00+11:00,ADJUSTMENT,40.000000,OPENING_BALANCE,OPENING-2024-04-01-CROISSANT,OPENING_BALANCE,Manager
OPENING-2024-04-01-EGGS,EGGS,2024-04-01T05:00:00+11:00,ADJUSTMENT,225.000000,OPENING_BALANCE,OPENING-2024-04-01-EGGS,OPENING_BALANCE,Manager
MOV-POS-20240401-DEMO_CROISSANT-CROISSANT,CROISSANT,2024-04-01T17:00:00+11:00,USE,-30.000000,POS_SALE,POS-20240401-DEMO_CROISSANT,,SYSTEM
MOV-POS-20240401-DEMO_EGG_BREAKFAST-EGGS,EGGS,2024-04-01T17:00:00+11:00,USE,-10.000000,POS_SALE,POS-20240401-DEMO_EGG_BREAKFAST,,SYSTEM
MOV-POS-20240401-DEMO_EGG_SANDWICH-EGGS,EGGS,2024-04-01T17:00:00+11:00,USE,-14.000000,POS_SALE,POS-20240401-DEMO_EGG_SANDWICH,,SYSTEM
MOV-POS-20240401-DEMO_FLAT_WHITE-MILK_FULL,MILK_FULL,2024-04-01T17:00:00+11:00,USE,-9.240000,POS_SALE,POS-20240401-DEMO_FLAT_WHITE,,SYSTEM
MOV-POS-20240401-DEMO_FLAT_WHITE-COFFEE_REGULAR,COFFEE_REGULAR,2024-04-01T17:00:00+11:00,USE,-1.386000,POS_SALE,POS-20240401-DEMO_FLAT_WHITE,,SYSTEM
MOV-POS-20240401-DEMO_HOT_CHOCOLATE-MILK_FULL,MILK_FULL,2024-04-01T17:00:00+11:00,USE,-3.500000,POS_SALE,POS-20240401-DEMO_HOT_CHOCOLATE,,SYSTEM
MOV-POS-20240401-DEMO_ICED_LATTE-MILK_FULL,MILK_FULL,2024-04-01T17:00:00+11:00,USE,-5.333333,POS_SALE,POS-20240401-DEMO_ICED_LATTE,,SYSTEM
MOV-POS-20240401-DEMO_ICED_LATTE-COFFEE_REGULAR,COFFEE_REGULAR,2024-04-01T17:00:00+11:00,USE,-0.576000,POS_SALE,POS-20240401-DEMO_ICED_LATTE,,SYSTEM
MOV-POS-20240401-DEMO_OAT_LATTE-MILK_OAT,MILK_OAT,2024-04-01T17:00:00+11:00,USE,-9.750000,POS_SALE,POS-20240401-DEMO_OAT_LATTE,,SYSTEM
MOV-POS-20240401-DEMO_OAT_LATTE-COFFEE_REGULAR,COFFEE_REGULAR,2024-04-01T17:00:00+11:00,USE,-0.702000,POS_SALE,POS-20240401-DEMO_OAT_LATTE,,SYSTEM
MOV-POS-20240401-DEMO_SMOOTHIE-MILK_OAT,MILK_OAT,2024-04-01T17:00:00+11:00,USE,-3.000000,POS_SALE,POS-20240401-DEMO_SMOOTHIE,,SYSTEM
MOV-WASTE-2024-04-01-MILK_FULL,MILK_FULL,2024-04-01T17:30:00+11:00,WASTE,-0.155000,WASTE_LOG,WASTE-2024-04-01-MILK_FULL,SYNTHETIC_NORMAL_WASTE,Manager
MOV-WASTE-2024-04-01-MILK_OAT,MILK_OAT,2024-04-01T17:30:00+11:00,WASTE,-0.104000,WASTE_LOG,WASTE-2024-04-01-MILK_OAT,SYNTHETIC_NORMAL_WASTE,Manager
MOV-WASTE-2024-04-01-COFFEE_REGULAR,COFFEE_REGULAR,2024-04-01T17:30:00+11:00,WASTE,-0.013000,WASTE_LOG,WASTE-2024-04-01-COFFEE_REGULAR,SYNTHETIC_NORMAL_WASTE,Manager
MOV-WASTE-2024-04-01-CROISSANT,CROISSANT,2024-04-01T17:30:00+11:00,WASTE,-1.000000,WASTE_LOG,WASTE-2024-04-01-CROISSANT,SYNTHETIC_NORMAL_WASTE,Manager
MOV-GRI-POI-PO-2024-04-01-2024-04-02-SUP_A-CROISSANT,CROISSANT,2024-04-02T08:00:00+11:00,RECEIVE,28.000000,GOODS_RECEIPT,GRI-POI-PO-2024-04-01-2024-04-02-SUP_A-CROISSANT,,Manager
MOV-GRI-POI-PO-2024-04-01-2024-04-02-SUP_B-MILK_FULL,MILK_FULL,2024-04-02T08:00:00+11:00,RECEIVE,15.000000,GOODS_RECEIPT,GRI-POI-PO-2024-04-01-2024-04-02-SUP_B-MILK_FULL,,Manager
MOV-GRI-POI-PO-2024-04-01-2024-04-02-SUP_B-MILK_OAT,MILK_OAT,2024-04-02T08:00:00+11:00,RECEIVE,14.000000,GOODS_RECEIPT,GRI-POI-PO-2024-04-01-2024-04-02-SUP_B-MILK_OAT,,Manager
MOV-POS-20240402-DEMO_CROISSANT-CROISSANT,CROISSANT,2024-04-02T17:00:00+11:00,USE,-32.000000,POS_SALE,POS-20240402-DEMO_CROISSANT,,SYSTEM
MOV-POS-20240402-DEMO_EGG_BREAKFAST-EGGS,EGGS,2024-04-02T17:00:00+11:00,USE,-12.000000,POS_SALE,POS-20240402-DEMO_EGG_BREAKFAST,,SYSTEM
MOV-POS-20240402-DEMO_EGG_SANDWICH-EGGS,EGGS,2024-04-02T17:00:00+11:00,USE,-14.000000,POS_SALE,POS-20240402-DEMO_EGG_SANDWICH,,SYSTEM
MOV-POS-20240402-DEMO_FLAT_WHITE-MILK_FULL,MILK_FULL,2024-04-02T17:00:00+11:00,USE,-9.960000,POS_SALE,POS-20240402-DEMO_FLAT_WHITE,,SYSTEM
MOV-POS-20240402-DEMO_FLAT_WHITE-COFFEE_REGULAR,COFFEE_REGULAR,2024-04-02T17:00:00+11:00,USE,-1.494000,POS_SALE,POS-20240402-DEMO_FLAT_WHITE,,SYSTEM
MOV-POS-20240402-DEMO_HOT_CHOCOLATE-MILK_FULL,MILK_FULL,2024-04-02T17:00:00+11:00,USE,-3.833333,POS_SALE,POS-20240402-DEMO_HOT_CHOCOLATE,,SYSTEM
MOV-POS-20240402-DEMO_ICED_LATTE-MILK_FULL,MILK_FULL,2024-04-02T17:00:00+11:00,USE,-5.666667,POS_SALE,POS-20240402-DEMO_ICED_LATTE,,SYSTEM
MOV-POS-20240402-DEMO_ICED_LATTE-COFFEE_REGULAR,COFFEE_REGULAR,2024-04-02T17:00:00+11:00,USE,-0.612000,POS_SALE,POS-20240402-DEMO_ICED_LATTE,,SYSTEM
MOV-POS-20240402-DEMO_OAT_LATTE-MILK_OAT,MILK_OAT,2024-04-02T17:00:00+11:00,USE,-10.500000,POS_SALE,POS-20240402-DEMO_OAT_LATTE,,SYSTEM
MOV-POS-20240402-DEMO_OAT_LATTE-COFFEE_REGULAR,COFFEE_REGULAR,2024-04-02T17:00:00+11:00,USE,-0.756000,POS_SALE,POS-20240402-DEMO_OAT_LATTE,,SYSTEM
MOV-POS-20240402-DEMO_SMOOTHIE-MILK_OAT,MILK_OAT,2024-04-02T17:00:00+11:00,USE,-3.200000,POS_SALE,POS-20240402-DEMO_SMOOTHIE,,SYSTEM
MOV-WASTE-2024-04-02-MILK_FULL,MILK_FULL,2024-04-02T17:30:00+11:00,WASTE,-0.161000,WASTE_LOG,WASTE-2024-04-02-MILK_FULL,SYNTHETIC_NORMAL_WASTE,Manager
MOV-WASTE-2024-04-02-MILK_OAT,MILK_OAT,2024-04-02T17:30:00+11:00,WASTE,-0.074000,WASTE_LOG,WASTE-2024-04-02-MILK_OAT,SYNTHETIC_NORMAL_WASTE,Manager
MOV-WASTE-2024-04-02-COFFEE_REGULAR,COFFEE_REGULAR,2024-04-02T17:30:00+11:00,WASTE,-0.013000,WASTE_LOG,WASTE-2024-04-02-COFFEE_REGULAR,SYNTHETIC_NORMAL_WASTE,Manager
MOV-WASTE-2024-04-02-CROISSANT,CROISSANT,2024-04-02T17:30:00+11:00,WASTE,-2.000000,WASTE_LOG,WASTE-2024-04-02-CROISSANT,SYNTHETIC_NORMAL_WASTE,Manager
MOV-GRI-POI-PO-2024-04-02-2024-04-03-SUP_A-CROISSANT,CROISSANT,2024-04-03T08:00:00+11:00,RECEIVE,36.000000,GOODS_RECEIPT,GRI-POI-PO-2024-04-02-2024-04-03-SUP_A-CROISSANT,,Manager
MOV-GRI-POI-PO-2024-04-02-2024-04-03-SUP_B-MILK_FULL,MILK_FULL,2024-04-03T08:00:00+11:00,RECEIVE,18.000000,GOODS_RECEIPT,GRI-POI-PO-2024-04-02-2024-04-03-SUP_B-MILK_FULL,,Manager
MOV-GRI-POI-PO-2024-04-02-2024-04-03-SUP_B-MILK_OAT,MILK_OAT,2024-04-03T08:00:00+11:00,RECEIVE,15.000000,GOODS_RECEIPT,GRI-POI-PO-2024-04-02-2024-04-03-SUP_B-MILK_OAT,,Manager
MOV-GRI-POI-PO-2024-04-02-2024-04-03-SUP_D-COFFEE_REGULAR,COFFEE_REGULAR,2024-04-03T08:00:00+11:00,RECEIVE,8.000000,GOODS_RECEIPT,GRI-POI-PO-2024-04-02-2024-04-03-SUP_D-COFFEE_REGULAR,,Manager
MOV-POS-20240403-DEMO_CROISSANT-CROISSANT,CROISSANT,2024-04-03T17:00:00+11:00,USE,-34.000000,POS_SALE,POS-20240403-DEMO_CROISSANT,,SYSTEM
MOV-POS-20240403-DEMO_EGG_BREAKFAST-EGGS,EGGS,2024-04-03T17:00:00+11:00,USE,-10.000000,POS_SALE,POS-20240403-DEMO_EGG_BREAKFAST,,SYSTEM
MOV-POS-20240403-DEMO_EGG_SANDWICH-EGGS,EGGS,2024-04-03T17:00:00+11:00,USE,-16.000000,POS_SALE,POS-20240403-DEMO_EGG_SANDWICH,,SYSTEM
MOV-POS-20240403-DEMO_FLAT_WHITE-MILK_FULL,MILK_FULL,2024-04-03T17:00:00+11:00,USE,-10.560000,POS_SALE,POS-20240403-DEMO_FLAT_WHITE,,SYSTEM
MOV-POS-20240403-DEMO_FLAT_WHITE-COFFEE_REGULAR,COFFEE_REGULAR,2024-04-03T17:00:00+11:00,USE,-1.584000,POS_SALE,POS-20240403-DEMO_FLAT_WHITE,,SYSTEM
MOV-POS-20240403-DEMO_HOT_CHOCOLATE-MILK_FULL,MILK_FULL,2024-04-03T17:00:00+11:00,USE,-4.000000,POS_SALE,POS-20240403-DEMO_HOT_CHOCOLATE,,SYSTEM
MOV-POS-20240403-DEMO_ICED_LATTE-MILK_FULL,MILK_FULL,2024-04-03T17:00:00+11:00,USE,-5.333333,POS_SALE,POS-20240403-DEMO_ICED_LATTE,,SYSTEM
MOV-POS-20240403-DEMO_ICED_LATTE-COFFEE_REGULAR,COFFEE_REGULAR,2024-04-03T17:00:00+11:00,USE,-0.576000,POS_SALE,POS-20240403-DEMO_ICED_LATTE,,SYSTEM
MOV-POS-20240403-DEMO_OAT_LATTE-MILK_OAT,MILK_OAT,2024-04-03T17:00:00+11:00,USE,-11.000000,POS_SALE,POS-20240403-DEMO_OAT_LATTE,,SYSTEM
MOV-POS-20240403-DEMO_OAT_LATTE-COFFEE_REGULAR,COFFEE_REGULAR,2024-04-03T17:00:00+11:00,USE,-0.792000,POS_SALE,POS-20240403-DEMO_OAT_LATTE,,SYSTEM
MOV-POS-20240403-DEMO_SMOOTHIE-MILK_OAT,MILK_OAT,2024-04-03T17:00:00+11:00,USE,-3.400000,POS_SALE,POS-20240403-DEMO_SMOOTHIE,,SYSTEM
MOV-WASTE-2024-04-03-MILK_FULL,MILK_FULL,2024-04-03T17:30:00+11:00,WASTE,-0.231000,WASTE_LOG,WASTE-2024-04-03-MILK_FULL,SYNTHETIC_NORMAL_WASTE,Manager
MOV-WASTE-2024-04-03-MILK_OAT,MILK_OAT,2024-04-03T17:30:00+11:00,WASTE,-0.125000,WASTE_LOG,WASTE-2024-04-03-MILK_OAT,SYNTHETIC_NORMAL_WASTE,Manager
MOV-WASTE-2024-04-03-COFFEE_REGULAR,COFFEE_REGULAR,2024-04-03T17:30:00+11:00,WASTE,-0.019000,WASTE_LOG,WASTE-2024-04-03-COFFEE_REGULAR,SYNTHETIC_NORMAL_WASTE,Manager
MOV-WASTE-2024-04-03-CROISSANT,CROISSANT,2024-04-03T17:30:00+11:00,WASTE,-2.000000,WASTE_LOG,WASTE-2024-04-03-CROISSANT,SYNTHETIC_NORMAL_WASTE,Manager
MOV-GRI-POI-PO-2024-04-03-2024-04-04-SUP_A-CROISSANT,CROISSANT,2024-04-04T08:00:00+11:00,RECEIVE,32.000000,GOODS_RECEIPT,GRI-POI-PO-2024-04-03-2024-04-04-SUP_A-CROISSANT,,Manager
MOV-GRI-POI-PO-2024-04-03-2024-04-04-SUP_B-MILK_FULL,MILK_FULL,2024-04-04T08:00:00+11:00,RECEIVE,18.000000,GOODS_RECEIPT,GRI-POI-PO-2024-04-03-2024-04-04-SUP_B-MILK_FULL,,Manager
MOV-GRI-POI-PO-2024-04-03-2024-04-04-SUP_B-MILK_OAT,MILK_OAT,2024-04-04T08:00:00+11:00,RECEIVE,12.000000,GOODS_RECEIPT,GRI-POI-PO-2024-04-03-2024-04-04-SUP_B-MILK_OAT,,Manager
MOV-POS-20240404-DEMO_CROISSANT-CROISSANT,CROISSANT,2024-04-04T17:00:00+11:00,USE,-30.000000,POS_SALE,POS-20240404-DEMO_CROISSANT,,SYSTEM
MOV-POS-20240404-DEMO_EGG_BREAKFAST-EGGS,EGGS,2024-04-04T17:00:00+11:00,USE,-10.000000,POS_SALE,POS-20240404-DEMO_EGG_BREAKFAST,,SYSTEM
MOV-POS-20240404-DEMO_EGG_SANDWICH-EGGS,EGGS,2024-04-04T17:00:00+11:00,USE,-14.000000,POS_SALE,POS-20240404-DEMO_EGG_SANDWICH,,SYSTEM
MOV-POS-20240404-DEMO_FLAT_WHITE-MILK_FULL,MILK_FULL,2024-04-04T17:00:00+11:00,USE,-9.240000,POS_SALE,POS-20240404-DEMO_FLAT_WHITE,,SYSTEM
MOV-POS-20240404-DEMO_FLAT_WHITE-COFFEE_REGULAR,COFFEE_REGULAR,2024-04-04T17:00:00+11:00,USE,-1.386000,POS_SALE,POS-20240404-DEMO_FLAT_WHITE,,SYSTEM
MOV-POS-20240404-DEMO_HOT_CHOCOLATE-MILK_FULL,MILK_FULL,2024-04-04T17:00:00+11:00,USE,-3.500000,POS_SALE,POS-20240404-DEMO_HOT_CHOCOLATE,,SYSTEM
MOV-POS-20240404-DEMO_ICED_LATTE-MILK_FULL,MILK_FULL,2024-04-04T17:00:00+11:00,USE,-4.666667,POS_SALE,POS-20240404-DEMO_ICED_LATTE,,SYSTEM
MOV-POS-20240404-DEMO_ICED_LATTE-COFFEE_REGULAR,COFFEE_REGULAR,2024-04-04T17:00:00+11:00,USE,-0.504000,POS_SALE,POS-20240404-DEMO_ICED_LATTE,,SYSTEM
MOV-POS-20240404-DEMO_OAT_LATTE-MILK_OAT,MILK_OAT,2024-04-04T17:00:00+11:00,USE,-9.750000,POS_SALE,POS-20240404-DEMO_OAT_LATTE,,SYSTEM
MOV-POS-20240404-DEMO_OAT_LATTE-COFFEE_REGULAR,COFFEE_REGULAR,2024-04-04T17:00:00+11:00,USE,-0.702000,POS_SALE,POS-20240404-DEMO_OAT_LATTE,,SYSTEM
MOV-POS-20240404-DEMO_SMOOTHIE-MILK_OAT,MILK_OAT,2024-04-04T17:00:00+11:00,USE,-2.800000,POS_SALE,POS-20240404-DEMO_SMOOTHIE,,SYSTEM
MOV-WASTE-2024-04-04-MILK_FULL,MILK_FULL,2024-04-04T17:30:00+11:00,WASTE,-0.197000,WASTE_LOG,WASTE-2024-04-04-MILK_FULL,SYNTHETIC_NORMAL_WASTE,Manager
MOV-WASTE-2024-04-04-MILK_OAT,MILK_OAT,2024-04-04T17:30:00+11:00,WASTE,-0.119000,WASTE_LOG,WASTE-2024-04-04-MILK_OAT,SYNTHETIC_NORMAL_WASTE,Manager
MOV-WASTE-2024-04-04-COFFEE_REGULAR,COFFEE_REGULAR,2024-04-04T17:30:00+11:00,WASTE,-0.008000,WASTE_LOG,WASTE-2024-04-04-COFFEE_REGULAR,SYNTHETIC_NORMAL_WASTE,Manager
MOV-WASTE-2024-04-04-CROISSANT,CROISSANT,2024-04-04T17:30:00+11:00,WASTE,-1.000000,WASTE_LOG,WASTE-2024-04-04-CROISSANT,SYNTHETIC_NORMAL_WASTE,Manager
MOV-GRI-POI-PO-2024-04-04-2024-04-05-SUP_A-CROISSANT,CROISSANT,2024-04-05T08:00:00+11:00,RECEIVE,32.000000,GOODS_RECEIPT,GRI-POI-PO-2024-04-04-2024-04-05-SUP_A-CROISSANT,,Manager
MOV-GRI-POI-PO-2024-04-04-2024-04-05-SUP_B-MILK_FULL,MILK_FULL,2024-04-05T08:00:00+11:00,RECEIVE,19.000000,GOODS_RECEIPT,GRI-POI-PO-2024-04-04-2024-04-05-SUP_B-MILK_FULL,,Manager
MOV-GRI-POI-PO-2024-04-04-2024-04-05-SUP_B-MILK_OAT,MILK_OAT,2024-04-05T08:00:00+11:00,RECEIVE,14.000000,GOODS_RECEIPT,GRI-POI-PO-2024-04-04-2024-04-05-SUP_B-MILK_OAT,,Manager
MOV-POS-20240405-DEMO_CROISSANT-CROISSANT,CROISSANT,2024-04-05T17:00:00+11:00,USE,-31.000000,POS_SALE,POS-20240405-DEMO_CROISSANT,,SYSTEM
MOV-POS-20240405-DEMO_EGG_BREAKFAST-EGGS,EGGS,2024-04-05T17:00:00+11:00,USE,-10.000000,POS_SALE,POS-20240405-DEMO_EGG_BREAKFAST,,SYSTEM
MOV-POS-20240405-DEMO_EGG_SANDWICH-EGGS,EGGS,2024-04-05T17:00:00+11:00,USE,-15.000000,POS_SALE,POS-20240405-DEMO_EGG_SANDWICH,,SYSTEM
MOV-POS-20240405-DEMO_FLAT_WHITE-MILK_FULL,MILK_FULL,2024-04-05T17:00:00+11:00,USE,-9.840000,POS_SALE,POS-20240405-DEMO_FLAT_WHITE,,SYSTEM
MOV-POS-20240405-DEMO_FLAT_WHITE-COFFEE_REGULAR,COFFEE_REGULAR,2024-04-05T17:00:00+11:00,USE,-1.476000,POS_SALE,POS-20240405-DEMO_FLAT_WHITE,,SYSTEM
MOV-POS-20240405-DEMO_HOT_CHOCOLATE-MILK_FULL,MILK_FULL,2024-04-05T17:00:00+11:00,USE,-3.833333,POS_SALE,POS-20240405-DEMO_HOT_CHOCOLATE,,SYSTEM
MOV-POS-20240405-DEMO_ICED_LATTE-MILK_FULL,MILK_FULL,2024-04-05T17:00:00+11:00,USE,-5.000000,POS_SALE,POS-20240405-DEMO_ICED_LATTE,,SYSTEM
MOV-POS-20240405-DEMO_ICED_LATTE-COFFEE_REGULAR,COFFEE_REGULAR,2024-04-05T17:00:00+11:00,USE,-0.540000,POS_SALE,POS-20240405-DEMO_ICED_LATTE,,SYSTEM
MOV-POS-20240405-DEMO_OAT_LATTE-MILK_OAT,MILK_OAT,2024-04-05T17:00:00+11:00,USE,-10.500000,POS_SALE,POS-20240405-DEMO_OAT_LATTE,,SYSTEM
MOV-POS-20240405-DEMO_OAT_LATTE-COFFEE_REGULAR,COFFEE_REGULAR,2024-04-05T17:00:00+11:00,USE,-0.756000,POS_SALE,POS-20240405-DEMO_OAT_LATTE,,SYSTEM
MOV-POS-20240405-DEMO_SMOOTHIE-MILK_OAT,MILK_OAT,2024-04-05T17:00:00+11:00,USE,-3.200000,POS_SALE,POS-20240405-DEMO_SMOOTHIE,,SYSTEM
MOV-WASTE-2024-04-05-MILK_FULL,MILK_FULL,2024-04-05T17:30:00+11:00,WASTE,-0.235000,WASTE_LOG,WASTE-2024-04-05-MILK_FULL,SYNTHETIC_NORMAL_WASTE,Manager
MOV-WASTE-2024-04-05-MILK_OAT,MILK_OAT,2024-04-05T17:30:00+11:00,WASTE,-0.086000,WASTE_LOG,WASTE-2024-04-05-MILK_OAT,SYNTHETIC_NORMAL_WASTE,Manager
MOV-WASTE-2024-04-05-COFFEE_REGULAR,COFFEE_REGULAR,2024-04-05T17:30:00+11:00,WASTE,-0.009000,WASTE_LOG,WASTE-2024-04-05-COFFEE_REGULAR,SYNTHETIC_NORMAL_WASTE,Manager
MOV-WASTE-2024-04-05-CROISSANT,CROISSANT,2024-04-05T17:30:00+11:00,WASTE,-1.000000,WASTE_LOG,WASTE-2024-04-05-CROISSANT,SYNTHETIC_NORMAL_WASTE,Manager
MOV-GRI-POI-PO-2024-04-05-2024-04-06-SUP_A-CROISSANT,CROISSANT,2024-04-06T08:00:00+11:00,RECEIVE,86.000000,GOODS_RECEIPT,GRI-POI-PO-2024-04-05-2024-04-06-SUP_A-CROISSANT,,Manager
MOV-GRI-POI-PO-2024-04-05-2024-04-06-SUP_B-MILK_FULL,MILK_FULL,2024-04-06T08:00:00+11:00,RECEIVE,35.000000,GOODS_RECEIPT,GRI-POI-PO-2024-04-05-2024-04-06-SUP_B-MILK_FULL,,Manager
MOV-GRI-POI-PO-2024-04-05-2024-04-06-SUP_B-MILK_OAT,MILK_OAT,2024-04-06T08:00:00+11:00,RECEIVE,24.000000,GOODS_RECEIPT,GRI-POI-PO-2024-04-05-2024-04-06-SUP_B-MILK_OAT,,Manager
MOV-GRI-POI-PO-2024-04-05-2024-04-06-SUP_D-COFFEE_REGULAR,COFFEE_REGULAR,2024-04-06T08:00:00+11:00,RECEIVE,8.000000,GOODS_RECEIPT,GRI-POI-PO-2024-04-05-2024-04-06-SUP_D-COFFEE_REGULAR,,Manager
MOV-POS-20240406-DEMO_CROISSANT-CROISSANT,CROISSANT,2024-04-06T17:00:00+11:00,USE,-46.000000,POS_SALE,POS-20240406-DEMO_CROISSANT,,SYSTEM
MOV-POS-20240406-DEMO_EGG_BREAKFAST-EGGS,EGGS,2024-04-06T17:00:00+11:00,USE,-28.000000,POS_SALE,POS-20240406-DEMO_EGG_BREAKFAST,,SYSTEM
MOV-POS-20240406-DEMO_EGG_SANDWICH-EGGS,EGGS,2024-04-06T17:00:00+11:00,USE,-13.000000,POS_SALE,POS-20240406-DEMO_EGG_SANDWICH,,SYSTEM
MOV-POS-20240406-DEMO_FLAT_WHITE-MILK_FULL,MILK_FULL,2024-04-06T17:00:00+11:00,USE,-8.880000,POS_SALE,POS-20240406-DEMO_FLAT_WHITE,,SYSTEM
MOV-POS-20240406-DEMO_FLAT_WHITE-COFFEE_REGULAR,COFFEE_REGULAR,2024-04-06T17:00:00+11:00,USE,-1.332000,POS_SALE,POS-20240406-DEMO_FLAT_WHITE,,SYSTEM
MOV-POS-20240406-DEMO_HOT_CHOCOLATE-MILK_FULL,MILK_FULL,2024-04-06T17:00:00+11:00,USE,-4.333333,POS_SALE,POS-20240406-DEMO_HOT_CHOCOLATE,,SYSTEM
MOV-POS-20240406-DEMO_ICED_LATTE-MILK_FULL,MILK_FULL,2024-04-06T17:00:00+11:00,USE,-5.333333,POS_SALE,POS-20240406-DEMO_ICED_LATTE,,SYSTEM
MOV-POS-20240406-DEMO_ICED_LATTE-COFFEE_REGULAR,COFFEE_REGULAR,2024-04-06T17:00:00+11:00,USE,-0.576000,POS_SALE,POS-20240406-DEMO_ICED_LATTE,,SYSTEM
MOV-POS-20240406-DEMO_OAT_LATTE-MILK_OAT,MILK_OAT,2024-04-06T17:00:00+11:00,USE,-9.500000,POS_SALE,POS-20240406-DEMO_OAT_LATTE,,SYSTEM
MOV-POS-20240406-DEMO_OAT_LATTE-COFFEE_REGULAR,COFFEE_REGULAR,2024-04-06T17:00:00+11:00,USE,-0.684000,POS_SALE,POS-20240406-DEMO_OAT_LATTE,,SYSTEM
MOV-POS-20240406-DEMO_SMOOTHIE-MILK_OAT,MILK_OAT,2024-04-06T17:00:00+11:00,USE,-3.000000,POS_SALE,POS-20240406-DEMO_SMOOTHIE,,SYSTEM
MOV-WASTE-2024-04-06-MILK_FULL,MILK_FULL,2024-04-06T17:30:00+11:00,WASTE,-0.248000,WASTE_LOG,WASTE-2024-04-06-MILK_FULL,SYNTHETIC_NORMAL_WASTE,Manager
MOV-WASTE-2024-04-06-MILK_OAT,MILK_OAT,2024-04-06T17:30:00+11:00,WASTE,-0.110000,WASTE_LOG,WASTE-2024-04-06-MILK_OAT,SYNTHETIC_NORMAL_WASTE,Manager
MOV-WASTE-2024-04-06-COFFEE_REGULAR,COFFEE_REGULAR,2024-04-06T17:30:00+11:00,WASTE,-0.015000,WASTE_LOG,WASTE-2024-04-06-COFFEE_REGULAR,SYNTHETIC_NORMAL_WASTE,Manager
MOV-WASTE-2024-04-06-CROISSANT,CROISSANT,2024-04-06T17:30:00+11:00,WASTE,-2.000000,WASTE_LOG,WASTE-2024-04-06-CROISSANT,SYNTHETIC_NORMAL_WASTE,Manager
MOV-POS-20240407-DEMO_CROISSANT-CROISSANT,CROISSANT,2024-04-07T17:00:00+10:00,USE,-39.000000,POS_SALE,POS-20240407-DEMO_CROISSANT,,SYSTEM
MOV-POS-20240407-DEMO_EGG_BREAKFAST-EGGS,EGGS,2024-04-07T17:00:00+10:00,USE,-18.000000,POS_SALE,POS-20240407-DEMO_EGG_BREAKFAST,,SYSTEM
MOV-POS-20240407-DEMO_EGG_SANDWICH-EGGS,EGGS,2024-04-07T17:00:00+10:00,USE,-12.000000,POS_SALE,POS-20240407-DEMO_EGG_SANDWICH,,SYSTEM
MOV-POS-20240407-DEMO_FLAT_WHITE-MILK_FULL,MILK_FULL,2024-04-07T17:00:00+10:00,USE,-8.760000,POS_SALE,POS-20240407-DEMO_FLAT_WHITE,,SYSTEM
MOV-POS-20240407-DEMO_FLAT_WHITE-COFFEE_REGULAR,COFFEE_REGULAR,2024-04-07T17:00:00+10:00,USE,-1.314000,POS_SALE,POS-20240407-DEMO_FLAT_WHITE,,SYSTEM
MOV-POS-20240407-DEMO_HOT_CHOCOLATE-MILK_FULL,MILK_FULL,2024-04-07T17:00:00+10:00,USE,-4.166667,POS_SALE,POS-20240407-DEMO_HOT_CHOCOLATE,,SYSTEM
MOV-POS-20240407-DEMO_ICED_LATTE-MILK_FULL,MILK_FULL,2024-04-07T17:00:00+10:00,USE,-4.000000,POS_SALE,POS-20240407-DEMO_ICED_LATTE,,SYSTEM
MOV-POS-20240407-DEMO_ICED_LATTE-COFFEE_REGULAR,COFFEE_REGULAR,2024-04-07T17:00:00+10:00,USE,-0.432000,POS_SALE,POS-20240407-DEMO_ICED_LATTE,,SYSTEM
MOV-POS-20240407-DEMO_OAT_LATTE-MILK_OAT,MILK_OAT,2024-04-07T17:00:00+10:00,USE,-9.250000,POS_SALE,POS-20240407-DEMO_OAT_LATTE,,SYSTEM
MOV-POS-20240407-DEMO_OAT_LATTE-COFFEE_REGULAR,COFFEE_REGULAR,2024-04-07T17:00:00+10:00,USE,-0.666000,POS_SALE,POS-20240407-DEMO_OAT_LATTE,,SYSTEM
MOV-POS-20240407-DEMO_SMOOTHIE-MILK_OAT,MILK_OAT,2024-04-07T17:00:00+10:00,USE,-2.400000,POS_SALE,POS-20240407-DEMO_SMOOTHIE,,SYSTEM
MOV-WASTE-2024-04-07-MILK_FULL,MILK_FULL,2024-04-07T17:30:00+10:00,WASTE,-0.165000,WASTE_LOG,WASTE-2024-04-07-MILK_FULL,SYNTHETIC_NORMAL_WASTE,Manager
MOV-WASTE-2024-04-07-MILK_OAT,MILK_OAT,2024-04-07T17:30:00+10:00,WASTE,-0.084000,WASTE_LOG,WASTE-2024-04-07-MILK_OAT,SYNTHETIC_NORMAL_WASTE,Manager
MOV-WASTE-2024-04-07-COFFEE_REGULAR,COFFEE_REGULAR,2024-04-07T17:30:00+10:00,WASTE,-0.007000,WASTE_LOG,WASTE-2024-04-07-COFFEE_REGULAR,SYNTHETIC_NORMAL_WASTE,Manager
MOV-WASTE-2024-04-07-CROISSANT,CROISSANT,2024-04-07T17:30:00+10:00,WASTE,-2.000000,WASTE_LOG,WASTE-2024-04-07-CROISSANT,SYNTHETIC_NORMAL_WASTE,Manager
MOV-GRI-POI-PO-2024-04-06-2024-04-08-SUP_A-CROISSANT,CROISSANT,2024-04-08T08:00:00+10:00,RECEIVE,33.000000,GOODS_RECEIPT,GRI-POI-PO-2024-04-06-2024-04-08-SUP_A-CROISSANT,,Manager
MOV-GRI-POI-PO-2024-04-06-2024-04-08-SUP_B-MILK_FULL,MILK_FULL,2024-04-08T08:00:00+10:00,RECEIVE,19.000000,GOODS_RECEIPT,GRI-POI-PO-2024-04-06-2024-04-08-SUP_B-MILK_FULL,,Manager
MOV-GRI-POI-PO-2024-04-06-2024-04-08-SUP_B-MILK_OAT,MILK_OAT,2024-04-08T08:00:00+10:00,RECEIVE,13.000000,GOODS_RECEIPT,GRI-POI-PO-2024-04-06-2024-04-08-SUP_B-MILK_OAT,,Manager
MOV-GRI-POI-PO-2024-04-06-2024-04-08-SUP_C-EGGS,EGGS,2024-04-08T08:00:00+10:00,RECEIVE,225.000000,GOODS_RECEIPT,GRI-POI-PO-2024-04-06-2024-04-08-SUP_C-EGGS,,Manager
MOV-GRI-POI-PO-2024-04-07-2024-04-08-SUP_A-CROISSANT,CROISSANT,2024-04-08T08:00:00+10:00,RECEIVE,20.000000,GOODS_RECEIPT,GRI-POI-PO-2024-04-07-2024-04-08-SUP_A-CROISSANT,,Manager
MOV-GRI-POI-PO-2024-04-07-2024-04-08-SUP_B-MILK_FULL,MILK_FULL,2024-04-08T08:00:00+10:00,RECEIVE,15.000000,GOODS_RECEIPT,GRI-POI-PO-2024-04-07-2024-04-08-SUP_B-MILK_FULL,,Manager
MOV-POS-20240408-DEMO_CROISSANT-CROISSANT,CROISSANT,2024-04-08T17:00:00+10:00,USE,-31.000000,POS_SALE,POS-20240408-DEMO_CROISSANT,,SYSTEM
MOV-POS-20240408-DEMO_EGG_BREAKFAST-EGGS,EGGS,2024-04-08T17:00:00+10:00,USE,-10.000000,POS_SALE,POS-20240408-DEMO_EGG_BREAKFAST,,SYSTEM
MOV-POS-20240408-DEMO_EGG_SANDWICH-EGGS,EGGS,2024-04-08T17:00:00+10:00,USE,-15.000000,POS_SALE,POS-20240408-DEMO_EGG_SANDWICH,,SYSTEM
MOV-POS-20240408-DEMO_FLAT_WHITE-MILK_FULL,MILK_FULL,2024-04-08T17:00:00+10:00,USE,-9.480000,POS_SALE,POS-20240408-DEMO_FLAT_WHITE,,SYSTEM
MOV-POS-20240408-DEMO_FLAT_WHITE-COFFEE_REGULAR,COFFEE_REGULAR,2024-04-08T17:00:00+10:00,USE,-1.422000,POS_SALE,POS-20240408-DEMO_FLAT_WHITE,,SYSTEM
MOV-POS-20240408-DEMO_HOT_CHOCOLATE-MILK_FULL,MILK_FULL,2024-04-08T17:00:00+10:00,USE,-3.666667,POS_SALE,POS-20240408-DEMO_HOT_CHOCOLATE,,SYSTEM
MOV-POS-20240408-DEMO_ICED_LATTE-MILK_FULL,MILK_FULL,2024-04-08T17:00:00+10:00,USE,-5.500000,POS_SALE,POS-20240408-DEMO_ICED_LATTE,,SYSTEM
MOV-POS-20240408-DEMO_ICED_LATTE-COFFEE_REGULAR,COFFEE_REGULAR,2024-04-08T17:00:00+10:00,USE,-0.594000,POS_SALE,POS-20240408-DEMO_ICED_LATTE,,SYSTEM
MOV-POS-20240408-DEMO_OAT_LATTE-MILK_OAT,MILK_OAT,2024-04-08T17:00:00+10:00,USE,-10.000000,POS_SALE,POS-20240408-DEMO_OAT_LATTE,,SYSTEM
MOV-POS-20240408-DEMO_OAT_LATTE-COFFEE_REGULAR,COFFEE_REGULAR,2024-04-08T17:00:00+10:00,USE,-0.720000,POS_SALE,POS-20240408-DEMO_OAT_LATTE,,SYSTEM
MOV-POS-20240408-DEMO_SMOOTHIE-MILK_OAT,MILK_OAT,2024-04-08T17:00:00+10:00,USE,-3.000000,POS_SALE,POS-20240408-DEMO_SMOOTHIE,,SYSTEM
MOV-WASTE-2024-04-08-MILK_FULL,MILK_FULL,2024-04-08T17:30:00+10:00,WASTE,-0.118000,WASTE_LOG,WASTE-2024-04-08-MILK_FULL,SYNTHETIC_NORMAL_WASTE,Manager
MOV-WASTE-2024-04-08-MILK_OAT,MILK_OAT,2024-04-08T17:30:00+10:00,WASTE,-0.137000,WASTE_LOG,WASTE-2024-04-08-MILK_OAT,SYNTHETIC_NORMAL_WASTE,Manager
MOV-WASTE-2024-04-08-COFFEE_REGULAR,COFFEE_REGULAR,2024-04-08T17:30:00+10:00,WASTE,-0.018000,WASTE_LOG,WASTE-2024-04-08-COFFEE_REGULAR,SYNTHETIC_NORMAL_WASTE,Manager
MOV-WASTE-2024-04-08-CROISSANT,CROISSANT,2024-04-08T17:30:00+10:00,WASTE,-1.000000,WASTE_LOG,WASTE-2024-04-08-CROISSANT,SYNTHETIC_NORMAL_WASTE,Manager
MOV-GRI-POI-PO-2024-04-08-2024-04-09-SUP_A-CROISSANT,CROISSANT,2024-04-09T08:00:00+10:00,RECEIVE,20.000000,GOODS_RECEIPT,GRI-POI-PO-2024-04-08-2024-04-09-SUP_A-CROISSANT,,Manager
MOV-GRI-POI-PO-2024-04-08-2024-04-09-SUP_B-MILK_FULL,MILK_FULL,2024-04-09T08:00:00+10:00,RECEIVE,15.000000,GOODS_RECEIPT,GRI-POI-PO-2024-04-08-2024-04-09-SUP_B-MILK_FULL,,Manager
MOV-GRI-POI-PO-2024-04-08-2024-04-09-SUP_B-MILK_OAT,MILK_OAT,2024-04-09T08:00:00+10:00,RECEIVE,13.000000,GOODS_RECEIPT,GRI-POI-PO-2024-04-08-2024-04-09-SUP_B-MILK_OAT,,Manager
MOV-GRI-POI-PO-2024-04-08-2024-04-09-SUP_D-COFFEE_REGULAR,COFFEE_REGULAR,2024-04-09T08:00:00+10:00,RECEIVE,8.000000,GOODS_RECEIPT,GRI-POI-PO-2024-04-08-2024-04-09-SUP_D-COFFEE_REGULAR,,Manager
MOV-POS-20240409-DEMO_CROISSANT-CROISSANT,CROISSANT,2024-04-09T17:00:00+10:00,USE,-30.000000,POS_SALE,POS-20240409-DEMO_CROISSANT,,SYSTEM
MOV-POS-20240409-DEMO_EGG_BREAKFAST-EGGS,EGGS,2024-04-09T17:00:00+10:00,USE,-10.000000,POS_SALE,POS-20240409-DEMO_EGG_BREAKFAST,,SYSTEM
MOV-POS-20240409-DEMO_EGG_SANDWICH-EGGS,EGGS,2024-04-09T17:00:00+10:00,USE,-14.000000,POS_SALE,POS-20240409-DEMO_EGG_SANDWICH,,SYSTEM
MOV-POS-20240409-DEMO_FLAT_WHITE-MILK_FULL,MILK_FULL,2024-04-09T17:00:00+10:00,USE,-9.240000,POS_SALE,POS-20240409-DEMO_FLAT_WHITE,,SYSTEM
MOV-POS-20240409-DEMO_FLAT_WHITE-COFFEE_REGULAR,COFFEE_REGULAR,2024-04-09T17:00:00+10:00,USE,-1.386000,POS_SALE,POS-20240409-DEMO_FLAT_WHITE,,SYSTEM
MOV-POS-20240409-DEMO_HOT_CHOCOLATE-MILK_FULL,MILK_FULL,2024-04-09T17:00:00+10:00,USE,-3.500000,POS_SALE,POS-20240409-DEMO_HOT_CHOCOLATE,,SYSTEM
MOV-POS-20240409-DEMO_ICED_LATTE-MILK_FULL,MILK_FULL,2024-04-09T17:00:00+10:00,USE,-4.666667,POS_SALE,POS-20240409-DEMO_ICED_LATTE,,SYSTEM
MOV-POS-20240409-DEMO_ICED_LATTE-COFFEE_REGULAR,COFFEE_REGULAR,2024-04-09T17:00:00+10:00,USE,-0.504000,POS_SALE,POS-20240409-DEMO_ICED_LATTE,,SYSTEM
MOV-POS-20240409-DEMO_OAT_LATTE-MILK_OAT,MILK_OAT,2024-04-09T17:00:00+10:00,USE,-9.750000,POS_SALE,POS-20240409-DEMO_OAT_LATTE,,SYSTEM
MOV-POS-20240409-DEMO_OAT_LATTE-COFFEE_REGULAR,COFFEE_REGULAR,2024-04-09T17:00:00+10:00,USE,-0.702000,POS_SALE,POS-20240409-DEMO_OAT_LATTE,,SYSTEM
MOV-POS-20240409-DEMO_SMOOTHIE-MILK_OAT,MILK_OAT,2024-04-09T17:00:00+10:00,USE,-3.000000,POS_SALE,POS-20240409-DEMO_SMOOTHIE,,SYSTEM
MOV-WASTE-2024-04-09-MILK_FULL,MILK_FULL,2024-04-09T17:30:00+10:00,WASTE,-0.240000,WASTE_LOG,WASTE-2024-04-09-MILK_FULL,SYNTHETIC_NORMAL_WASTE,Manager
MOV-WASTE-2024-04-09-MILK_OAT,MILK_OAT,2024-04-09T17:30:00+10:00,WASTE,-0.145000,WASTE_LOG,WASTE-2024-04-09-MILK_OAT,SYNTHETIC_NORMAL_WASTE,Manager
MOV-WASTE-2024-04-09-COFFEE_REGULAR,COFFEE_REGULAR,2024-04-09T17:30:00+10:00,WASTE,-0.013000,WASTE_LOG,WASTE-2024-04-09-COFFEE_REGULAR,SYNTHETIC_NORMAL_WASTE,Manager
MOV-WASTE-2024-04-09-CROISSANT,CROISSANT,2024-04-09T17:30:00+10:00,WASTE,-1.000000,WASTE_LOG,WASTE-2024-04-09-CROISSANT,SYNTHETIC_NORMAL_WASTE,Manager
MOV-GRI-POI-PO-2024-04-09-2024-04-10-SUP_A-CROISSANT,CROISSANT,2024-04-10T08:00:00+10:00,RECEIVE,23.000000,GOODS_RECEIPT,GRI-POI-PO-2024-04-09-2024-04-10-SUP_A-CROISSANT,,Manager
MOV-GRI-POI-PO-2024-04-09-2024-04-10-SUP_B-MILK_FULL,MILK_FULL,2024-04-10T08:00:00+10:00,RECEIVE,15.000000,GOODS_RECEIPT,GRI-POI-PO-2024-04-09-2024-04-10-SUP_B-MILK_FULL,,Manager
MOV-GRI-POI-PO-2024-04-09-2024-04-10-SUP_B-MILK_OAT,MILK_OAT,2024-04-10T08:00:00+10:00,RECEIVE,13.000000,GOODS_RECEIPT,GRI-POI-PO-2024-04-09-2024-04-10-SUP_B-MILK_OAT,,Manager
MOV-POS-20240410-DEMO_CROISSANT-CROISSANT,CROISSANT,2024-04-10T17:00:00+10:00,USE,-29.000000,POS_SALE,POS-20240410-DEMO_CROISSANT,,SYSTEM
MOV-POS-20240410-DEMO_EGG_BREAKFAST-EGGS,EGGS,2024-04-10T17:00:00+10:00,USE,-10.000000,POS_SALE,POS-20240410-DEMO_EGG_BREAKFAST,,SYSTEM
MOV-POS-20240410-DEMO_EGG_SANDWICH-EGGS,EGGS,2024-04-10T17:00:00+10:00,USE,-14.000000,POS_SALE,POS-20240410-DEMO_EGG_SANDWICH,,SYSTEM
MOV-POS-20240410-DEMO_FLAT_WHITE-MILK_FULL,MILK_FULL,2024-04-10T17:00:00+10:00,USE,-9.000000,POS_SALE,POS-20240410-DEMO_FLAT_WHITE,,SYSTEM
MOV-POS-20240410-DEMO_FLAT_WHITE-COFFEE_REGULAR,COFFEE_REGULAR,2024-04-10T17:00:00+10:00,USE,-1.350000,POS_SALE,POS-20240410-DEMO_FLAT_WHITE,,SYSTEM
MOV-POS-20240410-DEMO_HOT_CHOCOLATE-MILK_FULL,MILK_FULL,2024-04-10T17:00:00+10:00,USE,-3.333333,POS_SALE,POS-20240410-DEMO_HOT_CHOCOLATE,,SYSTEM
MOV-POS-20240410-DEMO_ICED_LATTE-MILK_FULL,MILK_FULL,2024-04-10T17:00:00+10:00,USE,-4.500000,POS_SALE,POS-20240410-DEMO_ICED_LATTE,,SYSTEM
MOV-POS-20240410-DEMO_ICED_LATTE-COFFEE_REGULAR,COFFEE_REGULAR,2024-04-10T17:00:00+10:00,USE,-0.486000,POS_SALE,POS-20240410-DEMO_ICED_LATTE,,SYSTEM
MOV-POS-20240410-DEMO_OAT_LATTE-MILK_OAT,MILK_OAT,2024-04-10T17:00:00+10:00,USE,-9.500000,POS_SALE,POS-20240410-DEMO_OAT_LATTE,,SYSTEM
MOV-POS-20240410-DEMO_OAT_LATTE-COFFEE_REGULAR,COFFEE_REGULAR,2024-04-10T17:00:00+10:00,USE,-0.684000,POS_SALE,POS-20240410-DEMO_OAT_LATTE,,SYSTEM
MOV-POS-20240410-DEMO_SMOOTHIE-MILK_OAT,MILK_OAT,2024-04-10T17:00:00+10:00,USE,-2.600000,POS_SALE,POS-20240410-DEMO_SMOOTHIE,,SYSTEM
MOV-WASTE-2024-04-10-MILK_FULL,MILK_FULL,2024-04-10T17:30:00+10:00,WASTE,-0.115000,WASTE_LOG,WASTE-2024-04-10-MILK_FULL,SYNTHETIC_NORMAL_WASTE,Manager
MOV-WASTE-2024-04-10-MILK_OAT,MILK_OAT,2024-04-10T17:30:00+10:00,WASTE,-0.082000,WASTE_LOG,WASTE-2024-04-10-MILK_OAT,SYNTHETIC_NORMAL_WASTE,Manager
MOV-WASTE-2024-04-10-COFFEE_REGULAR,COFFEE_REGULAR,2024-04-10T17:30:00+10:00,WASTE,-0.015000,WASTE_LOG,WASTE-2024-04-10-COFFEE_REGULAR,SYNTHETIC_NORMAL_WASTE,Manager
MOV-WASTE-2024-04-10-CROISSANT,CROISSANT,2024-04-10T17:30:00+10:00,WASTE,-1.000000,WASTE_LOG,WASTE-2024-04-10-CROISSANT,SYNTHETIC_NORMAL_WASTE,Manager
MOV-GRI-POI-PO-2024-04-10-2024-04-11-SUP_A-CROISSANT,CROISSANT,2024-04-11T08:00:00+10:00,RECEIVE,31.000000,GOODS_RECEIPT,GRI-POI-PO-2024-04-10-2024-04-11-SUP_A-CROISSANT,,Manager
MOV-GRI-POI-PO-2024-04-10-2024-04-11-SUP_B-MILK_FULL,MILK_FULL,2024-04-11T08:00:00+10:00,RECEIVE,15.000000,GOODS_RECEIPT,GRI-POI-PO-2024-04-10-2024-04-11-SUP_B-MILK_FULL,,Manager
MOV-GRI-POI-PO-2024-04-10-2024-04-11-SUP_B-MILK_OAT,MILK_OAT,2024-04-11T08:00:00+10:00,RECEIVE,12.000000,GOODS_RECEIPT,GRI-POI-PO-2024-04-10-2024-04-11-SUP_B-MILK_OAT,,Manager
MOV-POS-20240411-DEMO_CROISSANT-CROISSANT,CROISSANT,2024-04-11T17:00:00+10:00,USE,-30.000000,POS_SALE,POS-20240411-DEMO_CROISSANT,,SYSTEM
MOV-POS-20240411-DEMO_EGG_BREAKFAST-EGGS,EGGS,2024-04-11T17:00:00+10:00,USE,-10.000000,POS_SALE,POS-20240411-DEMO_EGG_BREAKFAST,,SYSTEM
MOV-POS-20240411-DEMO_EGG_SANDWICH-EGGS,EGGS,2024-04-11T17:00:00+10:00,USE,-14.000000,POS_SALE,POS-20240411-DEMO_EGG_SANDWICH,,SYSTEM
MOV-POS-20240411-DEMO_FLAT_WHITE-MILK_FULL,MILK_FULL,2024-04-11T17:00:00+10:00,USE,-9.360000,POS_SALE,POS-20240411-DEMO_FLAT_WHITE,,SYSTEM
MOV-POS-20240411-DEMO_FLAT_WHITE-COFFEE_REGULAR,COFFEE_REGULAR,2024-04-11T17:00:00+10:00,USE,-1.404000,POS_SALE,POS-20240411-DEMO_FLAT_WHITE,,SYSTEM
MOV-POS-20240411-DEMO_HOT_CHOCOLATE-MILK_FULL,MILK_FULL,2024-04-11T17:00:00+10:00,USE,-3.500000,POS_SALE,POS-20240411-DEMO_HOT_CHOCOLATE,,SYSTEM
MOV-POS-20240411-DEMO_ICED_LATTE-MILK_FULL,MILK_FULL,2024-04-11T17:00:00+10:00,USE,-4.666667,POS_SALE,POS-20240411-DEMO_ICED_LATTE,,SYSTEM
MOV-POS-20240411-DEMO_ICED_LATTE-COFFEE_REGULAR,COFFEE_REGULAR,2024-04-11T17:00:00+10:00,USE,-0.504000,POS_SALE,POS-20240411-DEMO_ICED_LATTE,,SYSTEM
MOV-POS-20240411-DEMO_OAT_LATTE-MILK_OAT,MILK_OAT,2024-04-11T17:00:00+10:00,USE,-9.750000,POS_SALE,POS-20240411-DEMO_OAT_LATTE,,SYSTEM
MOV-POS-20240411-DEMO_OAT_LATTE-COFFEE_REGULAR,COFFEE_REGULAR,2024-04-11T17:00:00+10:00,USE,-0.702000,POS_SALE,POS-20240411-DEMO_OAT_LATTE,,SYSTEM
MOV-POS-20240411-DEMO_SMOOTHIE-MILK_OAT,MILK_OAT,2024-04-11T17:00:00+10:00,USE,-3.000000,POS_SALE,POS-20240411-DEMO_SMOOTHIE,,SYSTEM
MOV-WASTE-2024-04-11-MILK_FULL,MILK_FULL,2024-04-11T17:30:00+10:00,WASTE,-0.192000,WASTE_LOG,WASTE-2024-04-11-MILK_FULL,SYNTHETIC_NORMAL_WASTE,Manager
MOV-WASTE-2024-04-11-MILK_OAT,MILK_OAT,2024-04-11T17:30:00+10:00,WASTE,-0.145000,WASTE_LOG,WASTE-2024-04-11-MILK_OAT,SYNTHETIC_NORMAL_WASTE,Manager
MOV-WASTE-2024-04-11-COFFEE_REGULAR,COFFEE_REGULAR,2024-04-11T17:30:00+10:00,WASTE,-0.012000,WASTE_LOG,WASTE-2024-04-11-COFFEE_REGULAR,SYNTHETIC_NORMAL_WASTE,Manager
MOV-WASTE-2024-04-11-CROISSANT,CROISSANT,2024-04-11T17:30:00+10:00,WASTE,-2.000000,WASTE_LOG,WASTE-2024-04-11-CROISSANT,SYNTHETIC_NORMAL_WASTE,Manager
MOV-GRI-POI-PO-2024-04-11-2024-04-12-SUP_A-CROISSANT,CROISSANT,2024-04-12T08:00:00+10:00,RECEIVE,26.000000,GOODS_RECEIPT,GRI-POI-PO-2024-04-11-2024-04-12-SUP_A-CROISSANT,,Manager
MOV-GRI-POI-PO-2024-04-11-2024-04-12-SUP_B-MILK_FULL,MILK_FULL,2024-04-12T08:00:00+10:00,RECEIVE,15.000000,GOODS_RECEIPT,GRI-POI-PO-2024-04-11-2024-04-12-SUP_B-MILK_FULL,,Manager
MOV-GRI-POI-PO-2024-04-11-2024-04-12-SUP_B-MILK_OAT,MILK_OAT,2024-04-12T08:00:00+10:00,RECEIVE,12.000000,GOODS_RECEIPT,GRI-POI-PO-2024-04-11-2024-04-12-SUP_B-MILK_OAT,,Manager
MOV-GRI-POI-PO-2024-04-11-2024-04-12-SUP_D-COFFEE_REGULAR,COFFEE_REGULAR,2024-04-12T08:00:00+10:00,RECEIVE,8.000000,GOODS_RECEIPT,GRI-POI-PO-2024-04-11-2024-04-12-SUP_D-COFFEE_REGULAR,,Manager
MOV-POS-20240412-DEMO_CROISSANT-CROISSANT,CROISSANT,2024-04-12T17:00:00+10:00,USE,-24.000000,POS_SALE,POS-20240412-DEMO_CROISSANT,,SYSTEM
MOV-POS-20240412-DEMO_EGG_BREAKFAST-EGGS,EGGS,2024-04-12T17:00:00+10:00,USE,-6.000000,POS_SALE,POS-20240412-DEMO_EGG_BREAKFAST,,SYSTEM
MOV-POS-20240412-DEMO_EGG_SANDWICH-EGGS,EGGS,2024-04-12T17:00:00+10:00,USE,-11.000000,POS_SALE,POS-20240412-DEMO_EGG_SANDWICH,,SYSTEM
MOV-POS-20240412-DEMO_FLAT_WHITE-MILK_FULL,MILK_FULL,2024-04-12T17:00:00+10:00,USE,-8.400000,POS_SALE,POS-20240412-DEMO_FLAT_WHITE,,SYSTEM
MOV-POS-20240412-DEMO_FLAT_WHITE-COFFEE_REGULAR,COFFEE_REGULAR,2024-04-12T17:00:00+10:00,USE,-1.260000,POS_SALE,POS-20240412-DEMO_FLAT_WHITE,,SYSTEM
MOV-POS-20240412-DEMO_HOT_CHOCOLATE-MILK_FULL,MILK_FULL,2024-04-12T17:00:00+10:00,USE,-3.166667,POS_SALE,POS-20240412-DEMO_HOT_CHOCOLATE,,SYSTEM
MOV-POS-20240412-DEMO_ICED_LATTE-MILK_FULL,MILK_FULL,2024-04-12T17:00:00+10:00,USE,-3.666667,POS_SALE,POS-20240412-DEMO_ICED_LATTE,,SYSTEM
MOV-POS-20240412-DEMO_ICED_LATTE-COFFEE_REGULAR,COFFEE_REGULAR,2024-04-12T17:00:00+10:00,USE,-0.396000,POS_SALE,POS-20240412-DEMO_ICED_LATTE,,SYSTEM
MOV-POS-20240412-DEMO_OAT_LATTE-MILK_OAT,MILK_OAT,2024-04-12T17:00:00+10:00,USE,-8.750000,POS_SALE,POS-20240412-DEMO_OAT_LATTE,,SYSTEM
MOV-POS-20240412-DEMO_OAT_LATTE-COFFEE_REGULAR,COFFEE_REGULAR,2024-04-12T17:00:00+10:00,USE,-0.630000,POS_SALE,POS-20240412-DEMO_OAT_LATTE,,SYSTEM
MOV-POS-20240412-DEMO_SMOOTHIE-MILK_OAT,MILK_OAT,2024-04-12T17:00:00+10:00,USE,-2.200000,POS_SALE,POS-20240412-DEMO_SMOOTHIE,,SYSTEM
MOV-WASTE-2024-04-12-MILK_FULL,MILK_FULL,2024-04-12T17:30:00+10:00,WASTE,-0.144000,WASTE_LOG,WASTE-2024-04-12-MILK_FULL,SYNTHETIC_NORMAL_WASTE,Manager
MOV-WASTE-2024-04-12-MILK_OAT,MILK_OAT,2024-04-12T17:30:00+10:00,WASTE,-0.135000,WASTE_LOG,WASTE-2024-04-12-MILK_OAT,SYNTHETIC_NORMAL_WASTE,Manager
MOV-WASTE-2024-04-12-COFFEE_REGULAR,COFFEE_REGULAR,2024-04-12T17:30:00+10:00,WASTE,-0.009000,WASTE_LOG,WASTE-2024-04-12-COFFEE_REGULAR,SYNTHETIC_NORMAL_WASTE,Manager
MOV-GRI-POI-PO-2024-04-12-2024-04-13-SUP_A-CROISSANT,CROISSANT,2024-04-13T08:00:00+10:00,RECEIVE,94.000000,GOODS_RECEIPT,GRI-POI-PO-2024-04-12-2024-04-13-SUP_A-CROISSANT,,Manager
MOV-GRI-POI-PO-2024-04-12-2024-04-13-SUP_B-MILK_FULL,MILK_FULL,2024-04-13T08:00:00+10:00,RECEIVE,29.000000,GOODS_RECEIPT,GRI-POI-PO-2024-04-12-2024-04-13-SUP_B-MILK_FULL,,Manager
MOV-GRI-POI-PO-2024-04-12-2024-04-13-SUP_B-MILK_OAT,MILK_OAT,2024-04-13T08:00:00+10:00,RECEIVE,25.000000,GOODS_RECEIPT,GRI-POI-PO-2024-04-12-2024-04-13-SUP_B-MILK_OAT,,Manager
MOV-POS-20240413-DEMO_CROISSANT-CROISSANT,CROISSANT,2024-04-13T17:00:00+10:00,USE,-42.000000,POS_SALE,POS-20240413-DEMO_CROISSANT,,SYSTEM
MOV-POS-20240413-DEMO_EGG_BREAKFAST-EGGS,EGGS,2024-04-13T17:00:00+10:00,USE,-22.000000,POS_SALE,POS-20240413-DEMO_EGG_BREAKFAST,,SYSTEM
MOV-POS-20240413-DEMO_EGG_SANDWICH-EGGS,EGGS,2024-04-13T17:00:00+10:00,USE,-13.000000,POS_SALE,POS-20240413-DEMO_EGG_SANDWICH,,SYSTEM
MOV-POS-20240413-DEMO_FLAT_WHITE-MILK_FULL,MILK_FULL,2024-04-13T17:00:00+10:00,USE,-8.040000,POS_SALE,POS-20240413-DEMO_FLAT_WHITE,,SYSTEM
MOV-POS-20240413-DEMO_FLAT_WHITE-COFFEE_REGULAR,COFFEE_REGULAR,2024-04-13T17:00:00+10:00,USE,-1.206000,POS_SALE,POS-20240413-DEMO_FLAT_WHITE,,SYSTEM
MOV-POS-20240413-DEMO_HOT_CHOCOLATE-MILK_FULL,MILK_FULL,2024-04-13T17:00:00+10:00,USE,-3.833333,POS_SALE,POS-20240413-DEMO_HOT_CHOCOLATE,,SYSTEM
MOV-POS-20240413-DEMO_ICED_LATTE-MILK_FULL,MILK_FULL,2024-04-13T17:00:00+10:00,USE,-4.166667,POS_SALE,POS-20240413-DEMO_ICED_LATTE,,SYSTEM
MOV-POS-20240413-DEMO_ICED_LATTE-COFFEE_REGULAR,COFFEE_REGULAR,2024-04-13T17:00:00+10:00,USE,-0.450000,POS_SALE,POS-20240413-DEMO_ICED_LATTE,,SYSTEM
MOV-POS-20240413-DEMO_OAT_LATTE-MILK_OAT,MILK_OAT,2024-04-13T17:00:00+10:00,USE,-8.500000,POS_SALE,POS-20240413-DEMO_OAT_LATTE,,SYSTEM
MOV-POS-20240413-DEMO_OAT_LATTE-COFFEE_REGULAR,COFFEE_REGULAR,2024-04-13T17:00:00+10:00,USE,-0.612000,POS_SALE,POS-20240413-DEMO_OAT_LATTE,,SYSTEM
MOV-POS-20240413-DEMO_SMOOTHIE-MILK_OAT,MILK_OAT,2024-04-13T17:00:00+10:00,USE,-2.800000,POS_SALE,POS-20240413-DEMO_SMOOTHIE,,SYSTEM
MOV-WASTE-2024-04-13-MILK_FULL,MILK_FULL,2024-04-13T17:30:00+10:00,WASTE,-0.111000,WASTE_LOG,WASTE-2024-04-13-MILK_FULL,SYNTHETIC_NORMAL_WASTE,Manager
MOV-WASTE-2024-04-13-MILK_OAT,MILK_OAT,2024-04-13T17:30:00+10:00,WASTE,-0.069000,WASTE_LOG,WASTE-2024-04-13-MILK_OAT,SYNTHETIC_NORMAL_WASTE,Manager
MOV-WASTE-2024-04-13-COFFEE_REGULAR,COFFEE_REGULAR,2024-04-13T17:30:00+10:00,WASTE,-0.016000,WASTE_LOG,WASTE-2024-04-13-COFFEE_REGULAR,SYNTHETIC_NORMAL_WASTE,Manager
MOV-WASTE-2024-04-13-CROISSANT,CROISSANT,2024-04-13T17:30:00+10:00,WASTE,-1.000000,WASTE_LOG,WASTE-2024-04-13-CROISSANT,SYNTHETIC_NORMAL_WASTE,Manager
MOV-POS-20240414-DEMO_CROISSANT-CROISSANT,CROISSANT,2024-04-14T17:00:00+10:00,USE,-52.000000,POS_SALE,POS-20240414-DEMO_CROISSANT,,SYSTEM
MOV-POS-20240414-DEMO_EGG_BREAKFAST-EGGS,EGGS,2024-04-14T17:00:00+10:00,USE,-28.000000,POS_SALE,POS-20240414-DEMO_EGG_BREAKFAST,,SYSTEM
MOV-POS-20240414-DEMO_EGG_SANDWICH-EGGS,EGGS,2024-04-14T17:00:00+10:00,USE,-16.000000,POS_SALE,POS-20240414-DEMO_EGG_SANDWICH,,SYSTEM
MOV-POS-20240414-DEMO_FLAT_WHITE-MILK_FULL,MILK_FULL,2024-04-14T17:00:00+10:00,USE,-9.960000,POS_SALE,POS-20240414-DEMO_FLAT_WHITE,,SYSTEM
MOV-POS-20240414-DEMO_FLAT_WHITE-COFFEE_REGULAR,COFFEE_REGULAR,2024-04-14T17:00:00+10:00,USE,-1.494000,POS_SALE,POS-20240414-DEMO_FLAT_WHITE,,SYSTEM
MOV-POS-20240414-DEMO_HOT_CHOCOLATE-MILK_FULL,MILK_FULL,2024-04-14T17:00:00+10:00,USE,-4.833333,POS_SALE,POS-20240414-DEMO_HOT_CHOCOLATE,,SYSTEM
MOV-POS-20240414-DEMO_ICED_LATTE-MILK_FULL,MILK_FULL,2024-04-14T17:00:00+10:00,USE,-5.166667,POS_SALE,POS-20240414-DEMO_ICED_LATTE,,SYSTEM
MOV-POS-20240414-DEMO_ICED_LATTE-COFFEE_REGULAR,COFFEE_REGULAR,2024-04-14T17:00:00+10:00,USE,-0.558000,POS_SALE,POS-20240414-DEMO_ICED_LATTE,,SYSTEM
MOV-POS-20240414-DEMO_OAT_LATTE-MILK_OAT,MILK_OAT,2024-04-14T17:00:00+10:00,USE,-10.500000,POS_SALE,POS-20240414-DEMO_OAT_LATTE,,SYSTEM
MOV-POS-20240414-DEMO_OAT_LATTE-COFFEE_REGULAR,COFFEE_REGULAR,2024-04-14T17:00:00+10:00,USE,-0.756000,POS_SALE,POS-20240414-DEMO_OAT_LATTE,,SYSTEM
MOV-POS-20240414-DEMO_SMOOTHIE-MILK_OAT,MILK_OAT,2024-04-14T17:00:00+10:00,USE,-3.200000,POS_SALE,POS-20240414-DEMO_SMOOTHIE,,SYSTEM
MOV-WASTE-2024-04-14-MILK_FULL,MILK_FULL,2024-04-14T17:30:00+10:00,WASTE,-0.200000,WASTE_LOG,WASTE-2024-04-14-MILK_FULL,SYNTHETIC_NORMAL_WASTE,Manager
MOV-WASTE-2024-04-14-MILK_OAT,MILK_OAT,2024-04-14T17:30:00+10:00,WASTE,-0.117000,WASTE_LOG,WASTE-2024-04-14-MILK_OAT,SYNTHETIC_NORMAL_WASTE,Manager
MOV-WASTE-2024-04-14-COFFEE_REGULAR,COFFEE_REGULAR,2024-04-14T17:30:00+10:00,WASTE,-0.010000,WASTE_LOG,WASTE-2024-04-14-COFFEE_REGULAR,SYNTHETIC_NORMAL_WASTE,Manager
MOV-WASTE-2024-04-14-CROISSANT,CROISSANT,2024-04-14T17:30:00+10:00,WASTE,-2.000000,WASTE_LOG,WASTE-2024-04-14-CROISSANT,SYNTHETIC_NORMAL_WASTE,Manager
MOV-WASTE-2024-04-14-EGGS,EGGS,2024-04-14T17:30:00+10:00,WASTE,-1.000000,WASTE_LOG,WASTE-2024-04-14-EGGS,SYNTHETIC_NORMAL_WASTE,Manager
MOV-GRI-POI-PO-2024-04-13-2024-04-15-SUP_A-CROISSANT,CROISSANT,2024-04-15T08:00:00+10:00,RECEIVE,25.000000,GOODS_RECEIPT,GRI-POI-PO-2024-04-13-2024-04-15-SUP_A-CROISSANT,,Manager
MOV-GRI-POI-PO-2024-04-13-2024-04-15-SUP_B-MILK_FULL,MILK_FULL,2024-04-15T08:00:00+10:00,RECEIVE,16.000000,GOODS_RECEIPT,GRI-POI-PO-2024-04-13-2024-04-15-SUP_B-MILK_FULL,,Manager
MOV-GRI-POI-PO-2024-04-13-2024-04-15-SUP_B-MILK_OAT,MILK_OAT,2024-04-15T08:00:00+10:00,RECEIVE,11.000000,GOODS_RECEIPT,GRI-POI-PO-2024-04-13-2024-04-15-SUP_B-MILK_OAT,,Manager
MOV-GRI-POI-PO-2024-04-13-2024-04-15-SUP_C-EGGS,EGGS,2024-04-15T08:00:00+10:00,RECEIVE,225.000000,GOODS_RECEIPT,GRI-POI-PO-2024-04-13-2024-04-15-SUP_C-EGGS,,Manager
MOV-GRI-POI-PO-2024-04-13-2024-04-15-SUP_D-COFFEE_REGULAR,COFFEE_REGULAR,2024-04-15T08:00:00+10:00,RECEIVE,8.000000,GOODS_RECEIPT,GRI-POI-PO-2024-04-13-2024-04-15-SUP_D-COFFEE_REGULAR,,Manager
MOV-GRI-POI-PO-2024-04-14-2024-04-15-SUP_A-CROISSANT,CROISSANT,2024-04-15T08:00:00+10:00,RECEIVE,20.000000,GOODS_RECEIPT,GRI-POI-PO-2024-04-14-2024-04-15-SUP_A-CROISSANT,,Manager
MOV-GRI-POI-PO-2024-04-14-2024-04-15-SUP_B-MILK_FULL,MILK_FULL,2024-04-15T08:00:00+10:00,RECEIVE,15.000000,GOODS_RECEIPT,GRI-POI-PO-2024-04-14-2024-04-15-SUP_B-MILK_FULL,,Manager
MOV-POS-20240415-DEMO_CROISSANT-CROISSANT,CROISSANT,2024-04-15T17:00:00+10:00,USE,-24.000000,POS_SALE,POS-20240415-DEMO_CROISSANT,,SYSTEM
MOV-POS-20240415-DEMO_EGG_BREAKFAST-EGGS,EGGS,2024-04-15T17:00:00+10:00,USE,-6.000000,POS_SALE,POS-20240415-DEMO_EGG_BREAKFAST,,SYSTEM
MOV-POS-20240415-DEMO_EGG_SANDWICH-EGGS,EGGS,2024-04-15T17:00:00+10:00,USE,-11.000000,POS_SALE,POS-20240415-DEMO_EGG_SANDWICH,,SYSTEM
MOV-POS-20240415-DEMO_FLAT_WHITE-MILK_FULL,MILK_FULL,2024-04-15T17:00:00+10:00,USE,-8.760000,POS_SALE,POS-20240415-DEMO_FLAT_WHITE,,SYSTEM
MOV-POS-20240415-DEMO_FLAT_WHITE-COFFEE_REGULAR,COFFEE_REGULAR,2024-04-15T17:00:00+10:00,USE,-1.314000,POS_SALE,POS-20240415-DEMO_FLAT_WHITE,,SYSTEM
MOV-POS-20240415-DEMO_HOT_CHOCOLATE-MILK_FULL,MILK_FULL,2024-04-15T17:00:00+10:00,USE,-3.333333,POS_SALE,POS-20240415-DEMO_HOT_CHOCOLATE,,SYSTEM
MOV-POS-20240415-DEMO_ICED_LATTE-MILK_FULL,MILK_FULL,2024-04-15T17:00:00+10:00,USE,-3.833333,POS_SALE,POS-20240415-DEMO_ICED_LATTE,,SYSTEM
MOV-POS-20240415-DEMO_ICED_LATTE-COFFEE_REGULAR,COFFEE_REGULAR,2024-04-15T17:00:00+10:00,USE,-0.414000,POS_SALE,POS-20240415-DEMO_ICED_LATTE,,SYSTEM
MOV-POS-20240415-DEMO_OAT_LATTE-MILK_OAT,MILK_OAT,2024-04-15T17:00:00+10:00,USE,-9.250000,POS_SALE,POS-20240415-DEMO_OAT_LATTE,,SYSTEM
MOV-POS-20240415-DEMO_OAT_LATTE-COFFEE_REGULAR,COFFEE_REGULAR,2024-04-15T17:00:00+10:00,USE,-0.666000,POS_SALE,POS-20240415-DEMO_OAT_LATTE,,SYSTEM
MOV-POS-20240415-DEMO_SMOOTHIE-MILK_OAT,MILK_OAT,2024-04-15T17:00:00+10:00,USE,-2.400000,POS_SALE,POS-20240415-DEMO_SMOOTHIE,,SYSTEM
MOV-WASTE-2024-04-15-MILK_FULL,MILK_FULL,2024-04-15T17:30:00+10:00,WASTE,-0.232000,WASTE_LOG,WASTE-2024-04-15-MILK_FULL,SYNTHETIC_NORMAL_WASTE,Manager
MOV-WASTE-2024-04-15-MILK_OAT,MILK_OAT,2024-04-15T17:30:00+10:00,WASTE,-0.114000,WASTE_LOG,WASTE-2024-04-15-MILK_OAT,SYNTHETIC_NORMAL_WASTE,Manager
MOV-WASTE-2024-04-15-COFFEE_REGULAR,COFFEE_REGULAR,2024-04-15T17:30:00+10:00,WASTE,-0.011000,WASTE_LOG,WASTE-2024-04-15-COFFEE_REGULAR,SYNTHETIC_NORMAL_WASTE,Manager
MOV-WASTE-2024-04-15-CROISSANT,CROISSANT,2024-04-15T17:30:00+10:00,WASTE,-1.000000,WASTE_LOG,WASTE-2024-04-15-CROISSANT,SYNTHETIC_NORMAL_WASTE,Manager
MOV-GRI-POI-PO-2024-04-15-2024-04-16-SUP_A-CROISSANT,CROISSANT,2024-04-16T08:00:00+10:00,RECEIVE,20.000000,GOODS_RECEIPT,GRI-POI-PO-2024-04-15-2024-04-16-SUP_A-CROISSANT,,Manager
MOV-GRI-POI-PO-2024-04-15-2024-04-16-SUP_B-MILK_FULL,MILK_FULL,2024-04-16T08:00:00+10:00,RECEIVE,15.000000,GOODS_RECEIPT,GRI-POI-PO-2024-04-15-2024-04-16-SUP_B-MILK_FULL,,Manager
MOV-GRI-POI-PO-2024-04-15-2024-04-16-SUP_B-MILK_OAT,MILK_OAT,2024-04-16T08:00:00+10:00,RECEIVE,13.000000,GOODS_RECEIPT,GRI-POI-PO-2024-04-15-2024-04-16-SUP_B-MILK_OAT,,Manager
MOV-POS-20240416-DEMO_CROISSANT-CROISSANT,CROISSANT,2024-04-16T17:00:00+10:00,USE,-29.000000,POS_SALE,POS-20240416-DEMO_CROISSANT,,SYSTEM
MOV-POS-20240416-DEMO_EGG_BREAKFAST-EGGS,EGGS,2024-04-16T17:00:00+10:00,USE,-10.000000,POS_SALE,POS-20240416-DEMO_EGG_BREAKFAST,,SYSTEM
MOV-POS-20240416-DEMO_EGG_SANDWICH-EGGS,EGGS,2024-04-16T17:00:00+10:00,USE,-13.000000,POS_SALE,POS-20240416-DEMO_EGG_SANDWICH,,SYSTEM
MOV-POS-20240416-DEMO_FLAT_WHITE-MILK_FULL,MILK_FULL,2024-04-16T17:00:00+10:00,USE,-8.880000,POS_SALE,POS-20240416-DEMO_FLAT_WHITE,,SYSTEM
MOV-POS-20240416-DEMO_FLAT_WHITE-COFFEE_REGULAR,COFFEE_REGULAR,2024-04-16T17:00:00+10:00,USE,-1.332000,POS_SALE,POS-20240416-DEMO_FLAT_WHITE,,SYSTEM
MOV-POS-20240416-DEMO_HOT_CHOCOLATE-MILK_FULL,MILK_FULL,2024-04-16T17:00:00+10:00,USE,-3.333333,POS_SALE,POS-20240416-DEMO_HOT_CHOCOLATE,,SYSTEM
MOV-POS-20240416-DEMO_ICED_LATTE-MILK_FULL,MILK_FULL,2024-04-16T17:00:00+10:00,USE,-4.500000,POS_SALE,POS-20240416-DEMO_ICED_LATTE,,SYSTEM
MOV-POS-20240416-DEMO_ICED_LATTE-COFFEE_REGULAR,COFFEE_REGULAR,2024-04-16T17:00:00+10:00,USE,-0.486000,POS_SALE,POS-20240416-DEMO_ICED_LATTE,,SYSTEM
MOV-POS-20240416-DEMO_OAT_LATTE-MILK_OAT,MILK_OAT,2024-04-16T17:00:00+10:00,USE,-9.500000,POS_SALE,POS-20240416-DEMO_OAT_LATTE,,SYSTEM
MOV-POS-20240416-DEMO_OAT_LATTE-COFFEE_REGULAR,COFFEE_REGULAR,2024-04-16T17:00:00+10:00,USE,-0.684000,POS_SALE,POS-20240416-DEMO_OAT_LATTE,,SYSTEM
MOV-POS-20240416-DEMO_SMOOTHIE-MILK_OAT,MILK_OAT,2024-04-16T17:00:00+10:00,USE,-2.600000,POS_SALE,POS-20240416-DEMO_SMOOTHIE,,SYSTEM
MOV-WASTE-2024-04-16-MILK_FULL,MILK_FULL,2024-04-16T17:30:00+10:00,WASTE,-0.177000,WASTE_LOG,WASTE-2024-04-16-MILK_FULL,SYNTHETIC_NORMAL_WASTE,Manager
MOV-WASTE-2024-04-16-MILK_OAT,MILK_OAT,2024-04-16T17:30:00+10:00,WASTE,-0.160000,WASTE_LOG,WASTE-2024-04-16-MILK_OAT,SYNTHETIC_NORMAL_WASTE,Manager
MOV-WASTE-2024-04-16-COFFEE_REGULAR,COFFEE_REGULAR,2024-04-16T17:30:00+10:00,WASTE,-0.018000,WASTE_LOG,WASTE-2024-04-16-COFFEE_REGULAR,SYNTHETIC_NORMAL_WASTE,Manager
MOV-WASTE-2024-04-16-CROISSANT,CROISSANT,2024-04-16T17:30:00+10:00,WASTE,-1.000000,WASTE_LOG,WASTE-2024-04-16-CROISSANT,SYNTHETIC_NORMAL_WASTE,Manager
MOV-GRI-POI-PO-2024-04-16-2024-04-17-SUP_A-CROISSANT,CROISSANT,2024-04-17T08:00:00+10:00,RECEIVE,21.000000,GOODS_RECEIPT,GRI-POI-PO-2024-04-16-2024-04-17-SUP_A-CROISSANT,,Manager
MOV-GRI-POI-PO-2024-04-16-2024-04-17-SUP_B-MILK_FULL,MILK_FULL,2024-04-17T08:00:00+10:00,RECEIVE,15.000000,GOODS_RECEIPT,GRI-POI-PO-2024-04-16-2024-04-17-SUP_B-MILK_FULL,,Manager
MOV-GRI-POI-PO-2024-04-16-2024-04-17-SUP_B-MILK_OAT,MILK_OAT,2024-04-17T08:00:00+10:00,RECEIVE,12.000000,GOODS_RECEIPT,GRI-POI-PO-2024-04-16-2024-04-17-SUP_B-MILK_OAT,,Manager
MOV-POS-20240417-DEMO_CROISSANT-CROISSANT,CROISSANT,2024-04-17T17:00:00+10:00,USE,-28.000000,POS_SALE,POS-20240417-DEMO_CROISSANT,,SYSTEM
MOV-POS-20240417-DEMO_EGG_BREAKFAST-EGGS,EGGS,2024-04-17T17:00:00+10:00,USE,-8.000000,POS_SALE,POS-20240417-DEMO_EGG_BREAKFAST,,SYSTEM
MOV-POS-20240417-DEMO_EGG_SANDWICH-EGGS,EGGS,2024-04-17T17:00:00+10:00,USE,-13.000000,POS_SALE,POS-20240417-DEMO_EGG_SANDWICH,,SYSTEM
MOV-POS-20240417-DEMO_FLAT_WHITE-MILK_FULL,MILK_FULL,2024-04-17T17:00:00+10:00,USE,-8.520000,POS_SALE,POS-20240417-DEMO_FLAT_WHITE,,SYSTEM
MOV-POS-20240417-DEMO_FLAT_WHITE-COFFEE_REGULAR,COFFEE_REGULAR,2024-04-17T17:00:00+10:00,USE,-1.278000,POS_SALE,POS-20240417-DEMO_FLAT_WHITE,,SYSTEM
MOV-POS-20240417-DEMO_HOT_CHOCOLATE-MILK_FULL,MILK_FULL,2024-04-17T17:00:00+10:00,USE,-3.166667,POS_SALE,POS-20240417-DEMO_HOT_CHOCOLATE,,SYSTEM
MOV-POS-20240417-DEMO_ICED_LATTE-MILK_FULL,MILK_FULL,2024-04-17T17:00:00+10:00,USE,-4.333333,POS_SALE,POS-20240417-DEMO_ICED_LATTE,,SYSTEM
MOV-POS-20240417-DEMO_ICED_LATTE-COFFEE_REGULAR,COFFEE_REGULAR,2024-04-17T17:00:00+10:00,USE,-0.468000,POS_SALE,POS-20240417-DEMO_ICED_LATTE,,SYSTEM
MOV-POS-20240417-DEMO_OAT_LATTE-MILK_OAT,MILK_OAT,2024-04-17T17:00:00+10:00,USE,-9.000000,POS_SALE,POS-20240417-DEMO_OAT_LATTE,,SYSTEM
MOV-POS-20240417-DEMO_OAT_LATTE-COFFEE_REGULAR,COFFEE_REGULAR,2024-04-17T17:00:00+10:00,USE,-0.648000,POS_SALE,POS-20240417-DEMO_OAT_LATTE,,SYSTEM
MOV-POS-20240417-DEMO_SMOOTHIE-MILK_OAT,MILK_OAT,2024-04-17T17:00:00+10:00,USE,-2.800000,POS_SALE,POS-20240417-DEMO_SMOOTHIE,,SYSTEM
MOV-WASTE-2024-04-17-MILK_FULL,MILK_FULL,2024-04-17T17:30:00+10:00,WASTE,-0.194000,WASTE_LOG,WASTE-2024-04-17-MILK_FULL,SYNTHETIC_NORMAL_WASTE,Manager
MOV-WASTE-2024-04-17-MILK_OAT,MILK_OAT,2024-04-17T17:30:00+10:00,WASTE,-0.141000,WASTE_LOG,WASTE-2024-04-17-MILK_OAT,SYNTHETIC_NORMAL_WASTE,Manager
MOV-WASTE-2024-04-17-COFFEE_REGULAR,COFFEE_REGULAR,2024-04-17T17:30:00+10:00,WASTE,-0.018000,WASTE_LOG,WASTE-2024-04-17-COFFEE_REGULAR,SYNTHETIC_NORMAL_WASTE,Manager
MOV-WASTE-2024-04-17-CROISSANT,CROISSANT,2024-04-17T17:30:00+10:00,WASTE,-1.000000,WASTE_LOG,WASTE-2024-04-17-CROISSANT,SYNTHETIC_NORMAL_WASTE,Manager
MOV-GRI-POI-PO-2024-04-17-2024-04-18-SUP_A-CROISSANT,CROISSANT,2024-04-18T08:00:00+10:00,RECEIVE,31.000000,GOODS_RECEIPT,GRI-POI-PO-2024-04-17-2024-04-18-SUP_A-CROISSANT,,Manager
MOV-GRI-POI-PO-2024-04-17-2024-04-18-SUP_B-MILK_FULL,MILK_FULL,2024-04-18T08:00:00+10:00,RECEIVE,15.000000,GOODS_RECEIPT,GRI-POI-PO-2024-04-17-2024-04-18-SUP_B-MILK_FULL,,Manager
MOV-GRI-POI-PO-2024-04-17-2024-04-18-SUP_B-MILK_OAT,MILK_OAT,2024-04-18T08:00:00+10:00,RECEIVE,13.000000,GOODS_RECEIPT,GRI-POI-PO-2024-04-17-2024-04-18-SUP_B-MILK_OAT,,Manager
MOV-POS-20240418-DEMO_CROISSANT-CROISSANT,CROISSANT,2024-04-18T17:00:00+10:00,USE,-30.000000,POS_SALE,POS-20240418-DEMO_CROISSANT,,SYSTEM
MOV-POS-20240418-DEMO_EGG_BREAKFAST-EGGS,EGGS,2024-04-18T17:00:00+10:00,USE,-10.000000,POS_SALE,POS-20240418-DEMO_EGG_BREAKFAST,,SYSTEM
MOV-POS-20240418-DEMO_EGG_SANDWICH-EGGS,EGGS,2024-04-18T17:00:00+10:00,USE,-14.000000,POS_SALE,POS-20240418-DEMO_EGG_SANDWICH,,SYSTEM
MOV-POS-20240418-DEMO_FLAT_WHITE-MILK_FULL,MILK_FULL,2024-04-18T17:00:00+10:00,USE,-9.360000,POS_SALE,POS-20240418-DEMO_FLAT_WHITE,,SYSTEM
MOV-POS-20240418-DEMO_FLAT_WHITE-COFFEE_REGULAR,COFFEE_REGULAR,2024-04-18T17:00:00+10:00,USE,-1.404000,POS_SALE,POS-20240418-DEMO_FLAT_WHITE,,SYSTEM
MOV-POS-20240418-DEMO_HOT_CHOCOLATE-MILK_FULL,MILK_FULL,2024-04-18T17:00:00+10:00,USE,-3.500000,POS_SALE,POS-20240418-DEMO_HOT_CHOCOLATE,,SYSTEM
MOV-POS-20240418-DEMO_ICED_LATTE-MILK_FULL,MILK_FULL,2024-04-18T17:00:00+10:00,USE,-4.666667,POS_SALE,POS-20240418-DEMO_ICED_LATTE,,SYSTEM
MOV-POS-20240418-DEMO_ICED_LATTE-COFFEE_REGULAR,COFFEE_REGULAR,2024-04-18T17:00:00+10:00,USE,-0.504000,POS_SALE,POS-20240418-DEMO_ICED_LATTE,,SYSTEM
MOV-POS-20240418-DEMO_OAT_LATTE-MILK_OAT,MILK_OAT,2024-04-18T17:00:00+10:00,USE,-10.000000,POS_SALE,POS-20240418-DEMO_OAT_LATTE,,SYSTEM
MOV-POS-20240418-DEMO_OAT_LATTE-COFFEE_REGULAR,COFFEE_REGULAR,2024-04-18T17:00:00+10:00,USE,-0.720000,POS_SALE,POS-20240418-DEMO_OAT_LATTE,,SYSTEM
MOV-POS-20240418-DEMO_SMOOTHIE-MILK_OAT,MILK_OAT,2024-04-18T17:00:00+10:00,USE,-3.000000,POS_SALE,POS-20240418-DEMO_SMOOTHIE,,SYSTEM
MOV-WASTE-2024-04-18-MILK_FULL,MILK_FULL,2024-04-18T17:30:00+10:00,WASTE,-0.103000,WASTE_LOG,WASTE-2024-04-18-MILK_FULL,SYNTHETIC_NORMAL_WASTE,Manager
MOV-WASTE-2024-04-18-MILK_OAT,MILK_OAT,2024-04-18T17:30:00+10:00,WASTE,-0.070000,WASTE_LOG,WASTE-2024-04-18-MILK_OAT,SYNTHETIC_NORMAL_WASTE,Manager
MOV-WASTE-2024-04-18-COFFEE_REGULAR,COFFEE_REGULAR,2024-04-18T17:30:00+10:00,WASTE,-0.015000,WASTE_LOG,WASTE-2024-04-18-COFFEE_REGULAR,SYNTHETIC_NORMAL_WASTE,Manager
MOV-WASTE-2024-04-18-CROISSANT,CROISSANT,2024-04-18T17:30:00+10:00,WASTE,-1.000000,WASTE_LOG,WASTE-2024-04-18-CROISSANT,SYNTHETIC_NORMAL_WASTE,Manager
MOV-GRI-POI-PO-2024-04-18-2024-04-19-SUP_A-CROISSANT,CROISSANT,2024-04-19T08:00:00+10:00,RECEIVE,33.000000,GOODS_RECEIPT,GRI-POI-PO-2024-04-18-2024-04-19-SUP_A-CROISSANT,,Manager
MOV-GRI-POI-PO-2024-04-18-2024-04-19-SUP_B-MILK_FULL,MILK_FULL,2024-04-19T08:00:00+10:00,RECEIVE,15.000000,GOODS_RECEIPT,GRI-POI-PO-2024-04-18-2024-04-19-SUP_B-MILK_FULL,,Manager
MOV-GRI-POI-PO-2024-04-18-2024-04-19-SUP_B-MILK_OAT,MILK_OAT,2024-04-19T08:00:00+10:00,RECEIVE,14.000000,GOODS_RECEIPT,GRI-POI-PO-2024-04-18-2024-04-19-SUP_B-MILK_OAT,,Manager
MOV-GRI-POI-PO-2024-04-18-2024-04-19-SUP_D-COFFEE_REGULAR,COFFEE_REGULAR,2024-04-19T08:00:00+10:00,RECEIVE,8.000000,GOODS_RECEIPT,GRI-POI-PO-2024-04-18-2024-04-19-SUP_D-COFFEE_REGULAR,,Manager
MOV-POS-20240419-DEMO_CROISSANT-CROISSANT,CROISSANT,2024-04-19T17:00:00+10:00,USE,-32.000000,POS_SALE,POS-20240419-DEMO_CROISSANT,,SYSTEM
MOV-POS-20240419-DEMO_EGG_BREAKFAST-EGGS,EGGS,2024-04-19T17:00:00+10:00,USE,-12.000000,POS_SALE,POS-20240419-DEMO_EGG_BREAKFAST,,SYSTEM
MOV-POS-20240419-DEMO_EGG_SANDWICH-EGGS,EGGS,2024-04-19T17:00:00+10:00,USE,-14.000000,POS_SALE,POS-20240419-DEMO_EGG_SANDWICH,,SYSTEM
MOV-POS-20240419-DEMO_FLAT_WHITE-MILK_FULL,MILK_FULL,2024-04-19T17:00:00+10:00,USE,-9.840000,POS_SALE,POS-20240419-DEMO_FLAT_WHITE,,SYSTEM
MOV-POS-20240419-DEMO_FLAT_WHITE-COFFEE_REGULAR,COFFEE_REGULAR,2024-04-19T17:00:00+10:00,USE,-1.476000,POS_SALE,POS-20240419-DEMO_FLAT_WHITE,,SYSTEM
MOV-POS-20240419-DEMO_HOT_CHOCOLATE-MILK_FULL,MILK_FULL,2024-04-19T17:00:00+10:00,USE,-3.833333,POS_SALE,POS-20240419-DEMO_HOT_CHOCOLATE,,SYSTEM
MOV-POS-20240419-DEMO_ICED_LATTE-MILK_FULL,MILK_FULL,2024-04-19T17:00:00+10:00,USE,-5.666667,POS_SALE,POS-20240419-DEMO_ICED_LATTE,,SYSTEM
MOV-POS-20240419-DEMO_ICED_LATTE-COFFEE_REGULAR,COFFEE_REGULAR,2024-04-19T17:00:00+10:00,USE,-0.612000,POS_SALE,POS-20240419-DEMO_ICED_LATTE,,SYSTEM
MOV-POS-20240419-DEMO_OAT_LATTE-MILK_OAT,MILK_OAT,2024-04-19T17:00:00+10:00,USE,-10.500000,POS_SALE,POS-20240419-DEMO_OAT_LATTE,,SYSTEM
MOV-POS-20240419-DEMO_OAT_LATTE-COFFEE_REGULAR,COFFEE_REGULAR,2024-04-19T17:00:00+10:00,USE,-0.756000,POS_SALE,POS-20240419-DEMO_OAT_LATTE,,SYSTEM
MOV-POS-20240419-DEMO_SMOOTHIE-MILK_OAT,MILK_OAT,2024-04-19T17:00:00+10:00,USE,-3.200000,POS_SALE,POS-20240419-DEMO_SMOOTHIE,,SYSTEM
MOV-WASTE-2024-04-19-MILK_FULL,MILK_FULL,2024-04-19T17:30:00+10:00,WASTE,-0.270000,WASTE_LOG,WASTE-2024-04-19-MILK_FULL,SYNTHETIC_NORMAL_WASTE,Manager
MOV-WASTE-2024-04-19-MILK_OAT,MILK_OAT,2024-04-19T17:30:00+10:00,WASTE,-0.099000,WASTE_LOG,WASTE-2024-04-19-MILK_OAT,SYNTHETIC_NORMAL_WASTE,Manager
MOV-WASTE-2024-04-19-COFFEE_REGULAR,COFFEE_REGULAR,2024-04-19T17:30:00+10:00,WASTE,-0.018000,WASTE_LOG,WASTE-2024-04-19-COFFEE_REGULAR,SYNTHETIC_NORMAL_WASTE,Manager
MOV-WASTE-2024-04-19-CROISSANT,CROISSANT,2024-04-19T17:30:00+10:00,WASTE,-1.000000,WASTE_LOG,WASTE-2024-04-19-CROISSANT,SYNTHETIC_NORMAL_WASTE,Manager
MOV-GRI-POI-PO-2024-04-19-2024-04-20-SUP_A-CROISSANT,CROISSANT,2024-04-20T08:00:00+10:00,RECEIVE,91.000000,GOODS_RECEIPT,GRI-POI-PO-2024-04-19-2024-04-20-SUP_A-CROISSANT,,Manager
MOV-GRI-POI-PO-2024-04-19-2024-04-20-SUP_B-MILK_FULL,MILK_FULL,2024-04-20T08:00:00+10:00,RECEIVE,33.000000,GOODS_RECEIPT,GRI-POI-PO-2024-04-19-2024-04-20-SUP_B-MILK_FULL,,Manager
MOV-GRI-POI-PO-2024-04-19-2024-04-20-SUP_B-MILK_OAT,MILK_OAT,2024-04-20T08:00:00+10:00,RECEIVE,24.000000,GOODS_RECEIPT,GRI-POI-PO-2024-04-19-2024-04-20-SUP_B-MILK_OAT,,Manager
MOV-POS-20240420-DEMO_CROISSANT-CROISSANT,CROISSANT,2024-04-20T17:00:00+10:00,USE,-46.000000,POS_SALE,POS-20240420-DEMO_CROISSANT,,SYSTEM
MOV-POS-20240420-DEMO_EGG_BREAKFAST-EGGS,EGGS,2024-04-20T17:00:00+10:00,USE,-28.000000,POS_SALE,POS-20240420-DEMO_EGG_BREAKFAST,,SYSTEM
MOV-POS-20240420-DEMO_EGG_SANDWICH-EGGS,EGGS,2024-04-20T17:00:00+10:00,USE,-14.000000,POS_SALE,POS-20240420-DEMO_EGG_SANDWICH,,SYSTEM
MOV-POS-20240420-DEMO_FLAT_WHITE-MILK_FULL,MILK_FULL,2024-04-20T17:00:00+10:00,USE,-8.880000,POS_SALE,POS-20240420-DEMO_FLAT_WHITE,,SYSTEM
MOV-POS-20240420-DEMO_FLAT_WHITE-COFFEE_REGULAR,COFFEE_REGULAR,2024-04-20T17:00:00+10:00,USE,-1.332000,POS_SALE,POS-20240420-DEMO_FLAT_WHITE,,SYSTEM
MOV-POS-20240420-DEMO_HOT_CHOCOLATE-MILK_FULL,MILK_FULL,2024-04-20T17:00:00+10:00,USE,-4.333333,POS_SALE,POS-20240420-DEMO_HOT_CHOCOLATE,,SYSTEM
MOV-POS-20240420-DEMO_ICED_LATTE-MILK_FULL,MILK_FULL,2024-04-20T17:00:00+10:00,USE,-5.333333,POS_SALE,POS-20240420-DEMO_ICED_LATTE,,SYSTEM
MOV-POS-20240420-DEMO_ICED_LATTE-COFFEE_REGULAR,COFFEE_REGULAR,2024-04-20T17:00:00+10:00,USE,-0.576000,POS_SALE,POS-20240420-DEMO_ICED_LATTE,,SYSTEM
MOV-POS-20240420-DEMO_OAT_LATTE-MILK_OAT,MILK_OAT,2024-04-20T17:00:00+10:00,USE,-9.500000,POS_SALE,POS-20240420-DEMO_OAT_LATTE,,SYSTEM
MOV-POS-20240420-DEMO_OAT_LATTE-COFFEE_REGULAR,COFFEE_REGULAR,2024-04-20T17:00:00+10:00,USE,-0.684000,POS_SALE,POS-20240420-DEMO_OAT_LATTE,,SYSTEM
MOV-POS-20240420-DEMO_SMOOTHIE-MILK_OAT,MILK_OAT,2024-04-20T17:00:00+10:00,USE,-2.800000,POS_SALE,POS-20240420-DEMO_SMOOTHIE,,SYSTEM
MOV-WASTE-2024-04-20-MILK_FULL,MILK_FULL,2024-04-20T17:30:00+10:00,WASTE,-0.246000,WASTE_LOG,WASTE-2024-04-20-MILK_FULL,SYNTHETIC_NORMAL_WASTE,Manager
MOV-WASTE-2024-04-20-MILK_OAT,MILK_OAT,2024-04-20T17:30:00+10:00,WASTE,-0.160000,WASTE_LOG,WASTE-2024-04-20-MILK_OAT,SYNTHETIC_NORMAL_WASTE,Manager
MOV-WASTE-2024-04-20-COFFEE_REGULAR,COFFEE_REGULAR,2024-04-20T17:30:00+10:00,WASTE,-0.018000,WASTE_LOG,WASTE-2024-04-20-COFFEE_REGULAR,SYNTHETIC_NORMAL_WASTE,Manager
MOV-WASTE-2024-04-20-CROISSANT,CROISSANT,2024-04-20T17:30:00+10:00,WASTE,-1.000000,WASTE_LOG,WASTE-2024-04-20-CROISSANT,SYNTHETIC_NORMAL_WASTE,Manager
MOV-POS-20240421-DEMO_CROISSANT-CROISSANT,CROISSANT,2024-04-21T17:00:00+10:00,USE,-44.000000,POS_SALE,POS-20240421-DEMO_CROISSANT,,SYSTEM
MOV-POS-20240421-DEMO_EGG_BREAKFAST-EGGS,EGGS,2024-04-21T17:00:00+10:00,USE,-26.000000,POS_SALE,POS-20240421-DEMO_EGG_BREAKFAST,,SYSTEM
MOV-POS-20240421-DEMO_EGG_SANDWICH-EGGS,EGGS,2024-04-21T17:00:00+10:00,USE,-14.000000,POS_SALE,POS-20240421-DEMO_EGG_SANDWICH,,SYSTEM
MOV-POS-20240421-DEMO_FLAT_WHITE-MILK_FULL,MILK_FULL,2024-04-21T17:00:00+10:00,USE,-8.760000,POS_SALE,POS-20240421-DEMO_FLAT_WHITE,,SYSTEM
MOV-POS-20240421-DEMO_FLAT_WHITE-COFFEE_REGULAR,COFFEE_REGULAR,2024-04-21T17:00:00+10:00,USE,-1.314000,POS_SALE,POS-20240421-DEMO_FLAT_WHITE,,SYSTEM
MOV-POS-20240421-DEMO_HOT_CHOCOLATE-MILK_FULL,MILK_FULL,2024-04-21T17:00:00+10:00,USE,-4.166667,POS_SALE,POS-20240421-DEMO_HOT_CHOCOLATE,,SYSTEM
MOV-POS-20240421-DEMO_ICED_LATTE-MILK_FULL,MILK_FULL,2024-04-21T17:00:00+10:00,USE,-5.166667,POS_SALE,POS-20240421-DEMO_ICED_LATTE,,SYSTEM
MOV-POS-20240421-DEMO_ICED_LATTE-COFFEE_REGULAR,COFFEE_REGULAR,2024-04-21T17:00:00+10:00,USE,-0.558000,POS_SALE,POS-20240421-DEMO_ICED_LATTE,,SYSTEM
MOV-POS-20240421-DEMO_OAT_LATTE-MILK_OAT,MILK_OAT,2024-04-21T17:00:00+10:00,USE,-9.000000,POS_SALE,POS-20240421-DEMO_OAT_LATTE,,SYSTEM
MOV-POS-20240421-DEMO_OAT_LATTE-COFFEE_REGULAR,COFFEE_REGULAR,2024-04-21T17:00:00+10:00,USE,-0.648000,POS_SALE,POS-20240421-DEMO_OAT_LATTE,,SYSTEM
MOV-POS-20240421-DEMO_SMOOTHIE-MILK_OAT,MILK_OAT,2024-04-21T17:00:00+10:00,USE,-2.800000,POS_SALE,POS-20240421-DEMO_SMOOTHIE,,SYSTEM
MOV-WASTE-2024-04-21-MILK_FULL,MILK_FULL,2024-04-21T17:30:00+10:00,WASTE,-0.189000,WASTE_LOG,WASTE-2024-04-21-MILK_FULL,SYNTHETIC_NORMAL_WASTE,Manager
MOV-WASTE-2024-04-21-MILK_OAT,MILK_OAT,2024-04-21T17:30:00+10:00,WASTE,-0.176000,WASTE_LOG,WASTE-2024-04-21-MILK_OAT,SYNTHETIC_NORMAL_WASTE,Manager
MOV-WASTE-2024-04-21-COFFEE_REGULAR,COFFEE_REGULAR,2024-04-21T17:30:00+10:00,WASTE,-0.006000,WASTE_LOG,WASTE-2024-04-21-COFFEE_REGULAR,SYNTHETIC_NORMAL_WASTE,Manager
MOV-WASTE-2024-04-21-CROISSANT,CROISSANT,2024-04-21T17:30:00+10:00,WASTE,-1.000000,WASTE_LOG,WASTE-2024-04-21-CROISSANT,SYNTHETIC_NORMAL_WASTE,Manager
MOV-GRI-POI-PO-2024-04-20-2024-04-22-SUP_A-CROISSANT,CROISSANT,2024-04-22T08:00:00+10:00,RECEIVE,31.000000,GOODS_RECEIPT,GRI-POI-PO-2024-04-20-2024-04-22-SUP_A-CROISSANT,,Manager
MOV-GRI-POI-PO-2024-04-20-2024-04-22-SUP_B-MILK_FULL,MILK_FULL,2024-04-22T08:00:00+10:00,RECEIVE,18.000000,GOODS_RECEIPT,GRI-POI-PO-2024-04-20-2024-04-22-SUP_B-MILK_FULL,,Manager
MOV-GRI-POI-PO-2024-04-20-2024-04-22-SUP_B-MILK_OAT,MILK_OAT,2024-04-22T08:00:00+10:00,RECEIVE,13.000000,GOODS_RECEIPT,GRI-POI-PO-2024-04-20-2024-04-22-SUP_B-MILK_OAT,,Manager
MOV-GRI-POI-PO-2024-04-20-2024-04-22-SUP_D-COFFEE_REGULAR,COFFEE_REGULAR,2024-04-22T08:00:00+10:00,RECEIVE,8.000000,GOODS_RECEIPT,GRI-POI-PO-2024-04-20-2024-04-22-SUP_D-COFFEE_REGULAR,,Manager
MOV-GRI-POI-PO-2024-04-21-2024-04-22-SUP_A-CROISSANT,CROISSANT,2024-04-22T08:00:00+10:00,RECEIVE,20.000000,GOODS_RECEIPT,GRI-POI-PO-2024-04-21-2024-04-22-SUP_A-CROISSANT,,Manager
MOV-POS-20240422-DEMO_CROISSANT-CROISSANT,CROISSANT,2024-04-22T17:00:00+10:00,USE,-30.000000,POS_SALE,POS-20240422-DEMO_CROISSANT,,SYSTEM
MOV-POS-20240422-DEMO_EGG_BREAKFAST-EGGS,EGGS,2024-04-22T17:00:00+10:00,USE,-10.000000,POS_SALE,POS-20240422-DEMO_EGG_BREAKFAST,,SYSTEM
MOV-POS-20240422-DEMO_EGG_SANDWICH-EGGS,EGGS,2024-04-22T17:00:00+10:00,USE,-15.000000,POS_SALE,POS-20240422-DEMO_EGG_SANDWICH,,SYSTEM
MOV-POS-20240422-DEMO_FLAT_WHITE-MILK_FULL,MILK_FULL,2024-04-22T17:00:00+10:00,USE,-9.360000,POS_SALE,POS-20240422-DEMO_FLAT_WHITE,,SYSTEM
MOV-POS-20240422-DEMO_FLAT_WHITE-COFFEE_REGULAR,COFFEE_REGULAR,2024-04-22T17:00:00+10:00,USE,-1.404000,POS_SALE,POS-20240422-DEMO_FLAT_WHITE,,SYSTEM
MOV-POS-20240422-DEMO_HOT_CHOCOLATE-MILK_FULL,MILK_FULL,2024-04-22T17:00:00+10:00,USE,-3.500000,POS_SALE,POS-20240422-DEMO_HOT_CHOCOLATE,,SYSTEM
MOV-POS-20240422-DEMO_ICED_LATTE-MILK_FULL,MILK_FULL,2024-04-22T17:00:00+10:00,USE,-5.333333,POS_SALE,POS-20240422-DEMO_ICED_LATTE,,SYSTEM
MOV-POS-20240422-DEMO_ICED_LATTE-COFFEE_REGULAR,COFFEE_REGULAR,2024-04-22T17:00:00+10:00,USE,-0.576000,POS_SALE,POS-20240422-DEMO_ICED_LATTE,,SYSTEM
MOV-POS-20240422-DEMO_OAT_LATTE-MILK_OAT,MILK_OAT,2024-04-22T17:00:00+10:00,USE,-9.750000,POS_SALE,POS-20240422-DEMO_OAT_LATTE,,SYSTEM
MOV-POS-20240422-DEMO_OAT_LATTE-COFFEE_REGULAR,COFFEE_REGULAR,2024-04-22T17:00:00+10:00,USE,-0.702000,POS_SALE,POS-20240422-DEMO_OAT_LATTE,,SYSTEM
MOV-POS-20240422-DEMO_SMOOTHIE-MILK_OAT,MILK_OAT,2024-04-22T17:00:00+10:00,USE,-3.000000,POS_SALE,POS-20240422-DEMO_SMOOTHIE,,SYSTEM
MOV-WASTE-2024-04-22-MILK_FULL,MILK_FULL,2024-04-22T17:30:00+10:00,WASTE,-0.111000,WASTE_LOG,WASTE-2024-04-22-MILK_FULL,SYNTHETIC_NORMAL_WASTE,Manager
MOV-WASTE-2024-04-22-MILK_OAT,MILK_OAT,2024-04-22T17:30:00+10:00,WASTE,-0.089000,WASTE_LOG,WASTE-2024-04-22-MILK_OAT,SYNTHETIC_NORMAL_WASTE,Manager
MOV-WASTE-2024-04-22-COFFEE_REGULAR,COFFEE_REGULAR,2024-04-22T17:30:00+10:00,WASTE,-0.018000,WASTE_LOG,WASTE-2024-04-22-COFFEE_REGULAR,SYNTHETIC_NORMAL_WASTE,Manager
MOV-WASTE-2024-04-22-CROISSANT,CROISSANT,2024-04-22T17:30:00+10:00,WASTE,-1.000000,WASTE_LOG,WASTE-2024-04-22-CROISSANT,SYNTHETIC_NORMAL_WASTE,Manager
MOV-GRI-POI-PO-2024-04-22-2024-04-23-SUP_A-CROISSANT,CROISSANT,2024-04-23T08:00:00+10:00,RECEIVE,20.000000,GOODS_RECEIPT,GRI-POI-PO-2024-04-22-2024-04-23-SUP_A-CROISSANT,,Manager
MOV-GRI-POI-PO-2024-04-22-2024-04-23-SUP_B-MILK_FULL,MILK_FULL,2024-04-23T08:00:00+10:00,RECEIVE,19.000000,GOODS_RECEIPT,GRI-POI-PO-2024-04-22-2024-04-23-SUP_B-MILK_FULL,,Manager
MOV-GRI-POI-PO-2024-04-22-2024-04-23-SUP_B-MILK_OAT,MILK_OAT,2024-04-23T08:00:00+10:00,RECEIVE,13.000000,GOODS_RECEIPT,GRI-POI-PO-2024-04-22-2024-04-23-SUP_B-MILK_OAT,,Manager
MOV-POS-20240423-DEMO_CROISSANT-CROISSANT,CROISSANT,2024-04-23T17:00:00+10:00,USE,-30.000000,POS_SALE,POS-20240423-DEMO_CROISSANT,,SYSTEM
MOV-POS-20240423-DEMO_EGG_BREAKFAST-EGGS,EGGS,2024-04-23T17:00:00+10:00,USE,-10.000000,POS_SALE,POS-20240423-DEMO_EGG_BREAKFAST,,SYSTEM
MOV-POS-20240423-DEMO_EGG_SANDWICH-EGGS,EGGS,2024-04-23T17:00:00+10:00,USE,-14.000000,POS_SALE,POS-20240423-DEMO_EGG_SANDWICH,,SYSTEM
MOV-POS-20240423-DEMO_FLAT_WHITE-MILK_FULL,MILK_FULL,2024-04-23T17:00:00+10:00,USE,-9.480000,POS_SALE,POS-20240423-DEMO_FLAT_WHITE,,SYSTEM
MOV-POS-20240423-DEMO_FLAT_WHITE-COFFEE_REGULAR,COFFEE_REGULAR,2024-04-23T17:00:00+10:00,USE,-1.422000,POS_SALE,POS-20240423-DEMO_FLAT_WHITE,,SYSTEM
MOV-POS-20240423-DEMO_HOT_CHOCOLATE-MILK_FULL,MILK_FULL,2024-04-23T17:00:00+10:00,USE,-3.500000,POS_SALE,POS-20240423-DEMO_HOT_CHOCOLATE,,SYSTEM
MOV-POS-20240423-DEMO_ICED_LATTE-MILK_FULL,MILK_FULL,2024-04-23T17:00:00+10:00,USE,-5.333333,POS_SALE,POS-20240423-DEMO_ICED_LATTE,,SYSTEM
MOV-POS-20240423-DEMO_ICED_LATTE-COFFEE_REGULAR,COFFEE_REGULAR,2024-04-23T17:00:00+10:00,USE,-0.576000,POS_SALE,POS-20240423-DEMO_ICED_LATTE,,SYSTEM
MOV-POS-20240423-DEMO_OAT_LATTE-MILK_OAT,MILK_OAT,2024-04-23T17:00:00+10:00,USE,-9.750000,POS_SALE,POS-20240423-DEMO_OAT_LATTE,,SYSTEM
MOV-POS-20240423-DEMO_OAT_LATTE-COFFEE_REGULAR,COFFEE_REGULAR,2024-04-23T17:00:00+10:00,USE,-0.702000,POS_SALE,POS-20240423-DEMO_OAT_LATTE,,SYSTEM
MOV-POS-20240423-DEMO_SMOOTHIE-MILK_OAT,MILK_OAT,2024-04-23T17:00:00+10:00,USE,-3.000000,POS_SALE,POS-20240423-DEMO_SMOOTHIE,,SYSTEM
MOV-WASTE-2024-04-23-MILK_FULL,MILK_FULL,2024-04-23T17:30:00+10:00,WASTE,-0.107000,WASTE_LOG,WASTE-2024-04-23-MILK_FULL,SYNTHETIC_NORMAL_WASTE,Manager
MOV-WASTE-2024-04-23-MILK_OAT,MILK_OAT,2024-04-23T17:30:00+10:00,WASTE,-0.103000,WASTE_LOG,WASTE-2024-04-23-MILK_OAT,SYNTHETIC_NORMAL_WASTE,Manager
MOV-WASTE-2024-04-23-COFFEE_REGULAR,COFFEE_REGULAR,2024-04-23T17:30:00+10:00,WASTE,-0.013000,WASTE_LOG,WASTE-2024-04-23-COFFEE_REGULAR,SYNTHETIC_NORMAL_WASTE,Manager
MOV-WASTE-2024-04-23-CROISSANT,CROISSANT,2024-04-23T17:30:00+10:00,WASTE,-1.000000,WASTE_LOG,WASTE-2024-04-23-CROISSANT,SYNTHETIC_NORMAL_WASTE,Manager
MOV-GRI-POI-PO-2024-04-22-2024-04-24-SUP_C-EGGS,EGGS,2024-04-24T08:00:00+10:00,RECEIVE,225.000000,GOODS_RECEIPT,GRI-POI-PO-2024-04-22-2024-04-24-SUP_C-EGGS,,Manager
MOV-GRI-POI-PO-2024-04-23-2024-04-24-SUP_A-CROISSANT,CROISSANT,2024-04-24T08:00:00+10:00,RECEIVE,27.000000,GOODS_RECEIPT,GRI-POI-PO-2024-04-23-2024-04-24-SUP_A-CROISSANT,,Manager
MOV-GRI-POI-PO-2024-04-23-2024-04-24-SUP_B-MILK_FULL,MILK_FULL,2024-04-24T08:00:00+10:00,RECEIVE,20.000000,GOODS_RECEIPT,GRI-POI-PO-2024-04-23-2024-04-24-SUP_B-MILK_FULL,,Manager
MOV-GRI-POI-PO-2024-04-23-2024-04-24-SUP_B-MILK_OAT,MILK_OAT,2024-04-24T08:00:00+10:00,RECEIVE,14.000000,GOODS_RECEIPT,GRI-POI-PO-2024-04-23-2024-04-24-SUP_B-MILK_OAT,,Manager
MOV-GRI-POI-PO-2024-04-23-2024-04-24-SUP_D-COFFEE_REGULAR,COFFEE_REGULAR,2024-04-24T08:00:00+10:00,RECEIVE,8.000000,GOODS_RECEIPT,GRI-POI-PO-2024-04-23-2024-04-24-SUP_D-COFFEE_REGULAR,,Manager
MOV-POS-20240424-DEMO_CROISSANT-CROISSANT,CROISSANT,2024-04-24T17:00:00+10:00,USE,-34.000000,POS_SALE,POS-20240424-DEMO_CROISSANT,,SYSTEM
MOV-POS-20240424-DEMO_EGG_BREAKFAST-EGGS,EGGS,2024-04-24T17:00:00+10:00,USE,-12.000000,POS_SALE,POS-20240424-DEMO_EGG_BREAKFAST,,SYSTEM
MOV-POS-20240424-DEMO_EGG_SANDWICH-EGGS,EGGS,2024-04-24T17:00:00+10:00,USE,-16.000000,POS_SALE,POS-20240424-DEMO_EGG_SANDWICH,,SYSTEM
MOV-POS-20240424-DEMO_FLAT_WHITE-MILK_FULL,MILK_FULL,2024-04-24T17:00:00+10:00,USE,-10.440000,POS_SALE,POS-20240424-DEMO_FLAT_WHITE,,SYSTEM
MOV-POS-20240424-DEMO_FLAT_WHITE-COFFEE_REGULAR,COFFEE_REGULAR,2024-04-24T17:00:00+10:00,USE,-1.566000,POS_SALE,POS-20240424-DEMO_FLAT_WHITE,,SYSTEM
MOV-POS-20240424-DEMO_HOT_CHOCOLATE-MILK_FULL,MILK_FULL,2024-04-24T17:00:00+10:00,USE,-4.000000,POS_SALE,POS-20240424-DEMO_HOT_CHOCOLATE,,SYSTEM
MOV-POS-20240424-DEMO_ICED_LATTE-MILK_FULL,MILK_FULL,2024-04-24T17:00:00+10:00,USE,-6.000000,POS_SALE,POS-20240424-DEMO_ICED_LATTE,,SYSTEM
MOV-POS-20240424-DEMO_ICED_LATTE-COFFEE_REGULAR,COFFEE_REGULAR,2024-04-24T17:00:00+10:00,USE,-0.648000,POS_SALE,POS-20240424-DEMO_ICED_LATTE,,SYSTEM
MOV-POS-20240424-DEMO_OAT_LATTE-MILK_OAT,MILK_OAT,2024-04-24T17:00:00+10:00,USE,-11.000000,POS_SALE,POS-20240424-DEMO_OAT_LATTE,,SYSTEM
MOV-POS-20240424-DEMO_OAT_LATTE-COFFEE_REGULAR,COFFEE_REGULAR,2024-04-24T17:00:00+10:00,USE,-0.792000,POS_SALE,POS-20240424-DEMO_OAT_LATTE,,SYSTEM
MOV-POS-20240424-DEMO_SMOOTHIE-MILK_OAT,MILK_OAT,2024-04-24T17:00:00+10:00,USE,-3.200000,POS_SALE,POS-20240424-DEMO_SMOOTHIE,,SYSTEM
MOV-WASTE-2024-04-24-MILK_FULL,MILK_FULL,2024-04-24T17:30:00+10:00,WASTE,-0.232000,WASTE_LOG,WASTE-2024-04-24-MILK_FULL,SYNTHETIC_NORMAL_WASTE,Manager
MOV-WASTE-2024-04-24-MILK_OAT,MILK_OAT,2024-04-24T17:30:00+10:00,WASTE,-0.200000,WASTE_LOG,WASTE-2024-04-24-MILK_OAT,SYNTHETIC_NORMAL_WASTE,Manager
MOV-WASTE-2024-04-24-COFFEE_REGULAR,COFFEE_REGULAR,2024-04-24T17:30:00+10:00,WASTE,-0.017000,WASTE_LOG,WASTE-2024-04-24-COFFEE_REGULAR,SYNTHETIC_NORMAL_WASTE,Manager
MOV-WASTE-2024-04-24-CROISSANT,CROISSANT,2024-04-24T17:30:00+10:00,WASTE,-2.000000,WASTE_LOG,WASTE-2024-04-24-CROISSANT,SYNTHETIC_NORMAL_WASTE,Manager
MOV-GRI-POI-PO-2024-04-24-2024-04-25-SUP_A-CROISSANT,CROISSANT,2024-04-25T08:00:00+10:00,RECEIVE,34.000000,GOODS_RECEIPT,GRI-POI-PO-2024-04-24-2024-04-25-SUP_A-CROISSANT,,Manager
MOV-GRI-POI-PO-2024-04-24-2024-04-25-SUP_B-MILK_FULL,MILK_FULL,2024-04-25T08:00:00+10:00,RECEIVE,19.000000,GOODS_RECEIPT,GRI-POI-PO-2024-04-24-2024-04-25-SUP_B-MILK_FULL,,Manager
MOV-GRI-POI-PO-2024-04-24-2024-04-25-SUP_B-MILK_OAT,MILK_OAT,2024-04-25T08:00:00+10:00,RECEIVE,14.000000,GOODS_RECEIPT,GRI-POI-PO-2024-04-24-2024-04-25-SUP_B-MILK_OAT,,Manager
MOV-POS-20240425-DEMO_CROISSANT-CROISSANT,CROISSANT,2024-04-25T17:00:00+10:00,USE,-32.000000,POS_SALE,POS-20240425-DEMO_CROISSANT,,SYSTEM
MOV-POS-20240425-DEMO_EGG_BREAKFAST-EGGS,EGGS,2024-04-25T17:00:00+10:00,USE,-10.000000,POS_SALE,POS-20240425-DEMO_EGG_BREAKFAST,,SYSTEM
MOV-POS-20240425-DEMO_EGG_SANDWICH-EGGS,EGGS,2024-04-25T17:00:00+10:00,USE,-15.000000,POS_SALE,POS-20240425-DEMO_EGG_SANDWICH,,SYSTEM
MOV-POS-20240425-DEMO_FLAT_WHITE-MILK_FULL,MILK_FULL,2024-04-25T17:00:00+10:00,USE,-9.720000,POS_SALE,POS-20240425-DEMO_FLAT_WHITE,,SYSTEM
MOV-POS-20240425-DEMO_FLAT_WHITE-COFFEE_REGULAR,COFFEE_REGULAR,2024-04-25T17:00:00+10:00,USE,-1.458000,POS_SALE,POS-20240425-DEMO_FLAT_WHITE,,SYSTEM
MOV-POS-20240425-DEMO_HOT_CHOCOLATE-MILK_FULL,MILK_FULL,2024-04-25T17:00:00+10:00,USE,-3.666667,POS_SALE,POS-20240425-DEMO_HOT_CHOCOLATE,,SYSTEM
MOV-POS-20240425-DEMO_ICED_LATTE-MILK_FULL,MILK_FULL,2024-04-25T17:00:00+10:00,USE,-4.833333,POS_SALE,POS-20240425-DEMO_ICED_LATTE,,SYSTEM
MOV-POS-20240425-DEMO_ICED_LATTE-COFFEE_REGULAR,COFFEE_REGULAR,2024-04-25T17:00:00+10:00,USE,-0.522000,POS_SALE,POS-20240425-DEMO_ICED_LATTE,,SYSTEM
MOV-POS-20240425-DEMO_OAT_LATTE-MILK_OAT,MILK_OAT,2024-04-25T17:00:00+10:00,USE,-10.250000,POS_SALE,POS-20240425-DEMO_OAT_LATTE,,SYSTEM
MOV-POS-20240425-DEMO_OAT_LATTE-COFFEE_REGULAR,COFFEE_REGULAR,2024-04-25T17:00:00+10:00,USE,-0.738000,POS_SALE,POS-20240425-DEMO_OAT_LATTE,,SYSTEM
MOV-POS-20240425-DEMO_SMOOTHIE-MILK_OAT,MILK_OAT,2024-04-25T17:00:00+10:00,USE,-3.200000,POS_SALE,POS-20240425-DEMO_SMOOTHIE,,SYSTEM
MOV-WASTE-2024-04-25-MILK_FULL,MILK_FULL,2024-04-25T17:30:00+10:00,WASTE,-0.216000,WASTE_LOG,WASTE-2024-04-25-MILK_FULL,SYNTHETIC_NORMAL_WASTE,Manager
MOV-WASTE-2024-04-25-MILK_OAT,MILK_OAT,2024-04-25T17:30:00+10:00,WASTE,-0.072000,WASTE_LOG,WASTE-2024-04-25-MILK_OAT,SYNTHETIC_NORMAL_WASTE,Manager
MOV-WASTE-2024-04-25-COFFEE_REGULAR,COFFEE_REGULAR,2024-04-25T17:30:00+10:00,WASTE,-0.017000,WASTE_LOG,WASTE-2024-04-25-COFFEE_REGULAR,SYNTHETIC_NORMAL_WASTE,Manager
MOV-WASTE-2024-04-25-CROISSANT,CROISSANT,2024-04-25T17:30:00+10:00,WASTE,-1.000000,WASTE_LOG,WASTE-2024-04-25-CROISSANT,SYNTHETIC_NORMAL_WASTE,Manager
MOV-GRI-POI-PO-2024-04-25-2024-04-26-SUP_A-CROISSANT,CROISSANT,2024-04-26T08:00:00+10:00,RECEIVE,31.000000,GOODS_RECEIPT,GRI-POI-PO-2024-04-25-2024-04-26-SUP_A-CROISSANT,,Manager
MOV-GRI-POI-PO-2024-04-25-2024-04-26-SUP_B-MILK_FULL,MILK_FULL,2024-04-26T08:00:00+10:00,RECEIVE,17.000000,GOODS_RECEIPT,GRI-POI-PO-2024-04-25-2024-04-26-SUP_B-MILK_FULL,,Manager
MOV-GRI-POI-PO-2024-04-25-2024-04-26-SUP_B-MILK_OAT,MILK_OAT,2024-04-26T08:00:00+10:00,RECEIVE,12.000000,GOODS_RECEIPT,GRI-POI-PO-2024-04-25-2024-04-26-SUP_B-MILK_OAT,,Manager
MOV-POS-20240426-DEMO_CROISSANT-CROISSANT,CROISSANT,2024-04-26T17:00:00+10:00,USE,-30.000000,POS_SALE,POS-20240426-DEMO_CROISSANT,,SYSTEM
MOV-POS-20240426-DEMO_EGG_BREAKFAST-EGGS,EGGS,2024-04-26T17:00:00+10:00,USE,-8.000000,POS_SALE,POS-20240426-DEMO_EGG_BREAKFAST,,SYSTEM
MOV-POS-20240426-DEMO_EGG_SANDWICH-EGGS,EGGS,2024-04-26T17:00:00+10:00,USE,-14.000000,POS_SALE,POS-20240426-DEMO_EGG_SANDWICH,,SYSTEM
MOV-POS-20240426-DEMO_FLAT_WHITE-MILK_FULL,MILK_FULL,2024-04-26T17:00:00+10:00,USE,-9.240000,POS_SALE,POS-20240426-DEMO_FLAT_WHITE,,SYSTEM
MOV-POS-20240426-DEMO_FLAT_WHITE-COFFEE_REGULAR,COFFEE_REGULAR,2024-04-26T17:00:00+10:00,USE,-1.386000,POS_SALE,POS-20240426-DEMO_FLAT_WHITE,,SYSTEM
MOV-POS-20240426-DEMO_HOT_CHOCOLATE-MILK_FULL,MILK_FULL,2024-04-26T17:00:00+10:00,USE,-3.500000,POS_SALE,POS-20240426-DEMO_HOT_CHOCOLATE,,SYSTEM
MOV-POS-20240426-DEMO_ICED_LATTE-MILK_FULL,MILK_FULL,2024-04-26T17:00:00+10:00,USE,-4.666667,POS_SALE,POS-20240426-DEMO_ICED_LATTE,,SYSTEM
MOV-POS-20240426-DEMO_ICED_LATTE-COFFEE_REGULAR,COFFEE_REGULAR,2024-04-26T17:00:00+10:00,USE,-0.504000,POS_SALE,POS-20240426-DEMO_ICED_LATTE,,SYSTEM
MOV-POS-20240426-DEMO_OAT_LATTE-MILK_OAT,MILK_OAT,2024-04-26T17:00:00+10:00,USE,-9.750000,POS_SALE,POS-20240426-DEMO_OAT_LATTE,,SYSTEM
MOV-POS-20240426-DEMO_OAT_LATTE-COFFEE_REGULAR,COFFEE_REGULAR,2024-04-26T17:00:00+10:00,USE,-0.702000,POS_SALE,POS-20240426-DEMO_OAT_LATTE,,SYSTEM
MOV-POS-20240426-DEMO_SMOOTHIE-MILK_OAT,MILK_OAT,2024-04-26T17:00:00+10:00,USE,-3.000000,POS_SALE,POS-20240426-DEMO_SMOOTHIE,,SYSTEM
MOV-WASTE-2024-04-26-MILK_FULL,MILK_FULL,2024-04-26T17:30:00+10:00,WASTE,-0.148000,WASTE_LOG,WASTE-2024-04-26-MILK_FULL,SYNTHETIC_NORMAL_WASTE,Manager
MOV-WASTE-2024-04-26-MILK_OAT,MILK_OAT,2024-04-26T17:30:00+10:00,WASTE,-0.183000,WASTE_LOG,WASTE-2024-04-26-MILK_OAT,SYNTHETIC_NORMAL_WASTE,Manager
MOV-WASTE-2024-04-26-COFFEE_REGULAR,COFFEE_REGULAR,2024-04-26T17:30:00+10:00,WASTE,-0.008000,WASTE_LOG,WASTE-2024-04-26-COFFEE_REGULAR,SYNTHETIC_NORMAL_WASTE,Manager
MOV-WASTE-2024-04-26-CROISSANT,CROISSANT,2024-04-26T17:30:00+10:00,WASTE,-1.000000,WASTE_LOG,WASTE-2024-04-26-CROISSANT,SYNTHETIC_NORMAL_WASTE,Manager
MOV-GRI-POI-PO-2024-04-26-2024-04-27-SUP_A-CROISSANT,CROISSANT,2024-04-27T08:00:00+10:00,RECEIVE,97.000000,GOODS_RECEIPT,GRI-POI-PO-2024-04-26-2024-04-27-SUP_A-CROISSANT,,Manager
MOV-GRI-POI-PO-2024-04-26-2024-04-27-SUP_B-MILK_FULL,MILK_FULL,2024-04-27T08:00:00+10:00,RECEIVE,38.000000,GOODS_RECEIPT,GRI-POI-PO-2024-04-26-2024-04-27-SUP_B-MILK_FULL,,Manager
MOV-GRI-POI-PO-2024-04-26-2024-04-27-SUP_B-MILK_OAT,MILK_OAT,2024-04-27T08:00:00+10:00,RECEIVE,26.000000,GOODS_RECEIPT,GRI-POI-PO-2024-04-26-2024-04-27-SUP_B-MILK_OAT,,Manager
MOV-GRI-POI-PO-2024-04-26-2024-04-27-SUP_D-COFFEE_REGULAR,COFFEE_REGULAR,2024-04-27T08:00:00+10:00,RECEIVE,8.000000,GOODS_RECEIPT,GRI-POI-PO-2024-04-26-2024-04-27-SUP_D-COFFEE_REGULAR,,Manager
MOV-POS-20240427-DEMO_CROISSANT-CROISSANT,CROISSANT,2024-04-27T17:00:00+10:00,USE,-53.000000,POS_SALE,POS-20240427-DEMO_CROISSANT,,SYSTEM
MOV-POS-20240427-DEMO_EGG_BREAKFAST-EGGS,EGGS,2024-04-27T17:00:00+10:00,USE,-30.000000,POS_SALE,POS-20240427-DEMO_EGG_BREAKFAST,,SYSTEM
MOV-POS-20240427-DEMO_EGG_SANDWICH-EGGS,EGGS,2024-04-27T17:00:00+10:00,USE,-15.000000,POS_SALE,POS-20240427-DEMO_EGG_SANDWICH,,SYSTEM
MOV-POS-20240427-DEMO_FLAT_WHITE-MILK_FULL,MILK_FULL,2024-04-27T17:00:00+10:00,USE,-10.200000,POS_SALE,POS-20240427-DEMO_FLAT_WHITE,,SYSTEM
MOV-POS-20240427-DEMO_FLAT_WHITE-COFFEE_REGULAR,COFFEE_REGULAR,2024-04-27T17:00:00+10:00,USE,-1.530000,POS_SALE,POS-20240427-DEMO_FLAT_WHITE,,SYSTEM
MOV-POS-20240427-DEMO_HOT_CHOCOLATE-MILK_FULL,MILK_FULL,2024-04-27T17:00:00+10:00,USE,-4.833333,POS_SALE,POS-20240427-DEMO_HOT_CHOCOLATE,,SYSTEM
MOV-POS-20240427-DEMO_ICED_LATTE-MILK_FULL,MILK_FULL,2024-04-27T17:00:00+10:00,USE,-5.333333,POS_SALE,POS-20240427-DEMO_ICED_LATTE,,SYSTEM
MOV-POS-20240427-DEMO_ICED_LATTE-COFFEE_REGULAR,COFFEE_REGULAR,2024-04-27T17:00:00+10:00,USE,-0.576000,POS_SALE,POS-20240427-DEMO_ICED_LATTE,,SYSTEM
MOV-POS-20240427-DEMO_OAT_LATTE-MILK_OAT,MILK_OAT,2024-04-27T17:00:00+10:00,USE,-10.750000,POS_SALE,POS-20240427-DEMO_OAT_LATTE,,SYSTEM
MOV-POS-20240427-DEMO_OAT_LATTE-COFFEE_REGULAR,COFFEE_REGULAR,2024-04-27T17:00:00+10:00,USE,-0.774000,POS_SALE,POS-20240427-DEMO_OAT_LATTE,,SYSTEM
MOV-POS-20240427-DEMO_SMOOTHIE-MILK_OAT,MILK_OAT,2024-04-27T17:00:00+10:00,USE,-3.400000,POS_SALE,POS-20240427-DEMO_SMOOTHIE,,SYSTEM
MOV-WASTE-2024-04-27-MILK_FULL,MILK_FULL,2024-04-27T17:30:00+10:00,WASTE,-0.217000,WASTE_LOG,WASTE-2024-04-27-MILK_FULL,SYNTHETIC_NORMAL_WASTE,Manager
MOV-WASTE-2024-04-27-MILK_OAT,MILK_OAT,2024-04-27T17:30:00+10:00,WASTE,-0.109000,WASTE_LOG,WASTE-2024-04-27-MILK_OAT,SYNTHETIC_NORMAL_WASTE,Manager
MOV-WASTE-2024-04-27-COFFEE_REGULAR,COFFEE_REGULAR,2024-04-27T17:30:00+10:00,WASTE,-0.013000,WASTE_LOG,WASTE-2024-04-27-COFFEE_REGULAR,SYNTHETIC_NORMAL_WASTE,Manager
MOV-WASTE-2024-04-27-CROISSANT,CROISSANT,2024-04-27T17:30:00+10:00,WASTE,-2.000000,WASTE_LOG,WASTE-2024-04-27-CROISSANT,SYNTHETIC_NORMAL_WASTE,Manager
MOV-POS-20240428-DEMO_CROISSANT-CROISSANT,CROISSANT,2024-04-28T17:00:00+10:00,USE,-43.000000,POS_SALE,POS-20240428-DEMO_CROISSANT,,SYSTEM
MOV-POS-20240428-DEMO_EGG_BREAKFAST-EGGS,EGGS,2024-04-28T17:00:00+10:00,USE,-26.000000,POS_SALE,POS-20240428-DEMO_EGG_BREAKFAST,,SYSTEM
MOV-POS-20240428-DEMO_EGG_SANDWICH-EGGS,EGGS,2024-04-28T17:00:00+10:00,USE,-12.000000,POS_SALE,POS-20240428-DEMO_EGG_SANDWICH,,SYSTEM
MOV-POS-20240428-DEMO_FLAT_WHITE-MILK_FULL,MILK_FULL,2024-04-28T17:00:00+10:00,USE,-8.280000,POS_SALE,POS-20240428-DEMO_FLAT_WHITE,,SYSTEM
MOV-POS-20240428-DEMO_FLAT_WHITE-COFFEE_REGULAR,COFFEE_REGULAR,2024-04-28T17:00:00+10:00,USE,-1.242000,POS_SALE,POS-20240428-DEMO_FLAT_WHITE,,SYSTEM
MOV-POS-20240428-DEMO_HOT_CHOCOLATE-MILK_FULL,MILK_FULL,2024-04-28T17:00:00+10:00,USE,-4.000000,POS_SALE,POS-20240428-DEMO_HOT_CHOCOLATE,,SYSTEM
MOV-POS-20240428-DEMO_ICED_LATTE-MILK_FULL,MILK_FULL,2024-04-28T17:00:00+10:00,USE,-5.000000,POS_SALE,POS-20240428-DEMO_ICED_LATTE,,SYSTEM
MOV-POS-20240428-DEMO_ICED_LATTE-COFFEE_REGULAR,COFFEE_REGULAR,2024-04-28T17:00:00+10:00,USE,-0.540000,POS_SALE,POS-20240428-DEMO_ICED_LATTE,,SYSTEM
MOV-POS-20240428-DEMO_OAT_LATTE-MILK_OAT,MILK_OAT,2024-04-28T17:00:00+10:00,USE,-8.750000,POS_SALE,POS-20240428-DEMO_OAT_LATTE,,SYSTEM
MOV-POS-20240428-DEMO_OAT_LATTE-COFFEE_REGULAR,COFFEE_REGULAR,2024-04-28T17:00:00+10:00,USE,-0.630000,POS_SALE,POS-20240428-DEMO_OAT_LATTE,,SYSTEM
MOV-POS-20240428-DEMO_SMOOTHIE-MILK_OAT,MILK_OAT,2024-04-28T17:00:00+10:00,USE,-2.800000,POS_SALE,POS-20240428-DEMO_SMOOTHIE,,SYSTEM
MOV-WASTE-2024-04-28-MILK_FULL,MILK_FULL,2024-04-28T17:30:00+10:00,WASTE,-0.214000,WASTE_LOG,WASTE-2024-04-28-MILK_FULL,SYNTHETIC_NORMAL_WASTE,Manager
MOV-WASTE-2024-04-28-MILK_OAT,MILK_OAT,2024-04-28T17:30:00+10:00,WASTE,-0.125000,WASTE_LOG,WASTE-2024-04-28-MILK_OAT,SYNTHETIC_NORMAL_WASTE,Manager
MOV-WASTE-2024-04-28-COFFEE_REGULAR,COFFEE_REGULAR,2024-04-28T17:30:00+10:00,WASTE,-0.008000,WASTE_LOG,WASTE-2024-04-28-COFFEE_REGULAR,SYNTHETIC_NORMAL_WASTE,Manager
MOV-WASTE-2024-04-28-CROISSANT,CROISSANT,2024-04-28T17:30:00+10:00,WASTE,-2.000000,WASTE_LOG,WASTE-2024-04-28-CROISSANT,SYNTHETIC_NORMAL_WASTE,Manager
MOV-GRI-POI-PO-2024-04-27-2024-04-29-SUP_A-CROISSANT,CROISSANT,2024-04-29T08:00:00+10:00,RECEIVE,26.000000,GOODS_RECEIPT,GRI-POI-PO-2024-04-27-2024-04-29-SUP_A-CROISSANT,,Manager
MOV-GRI-POI-PO-2024-04-27-2024-04-29-SUP_B-MILK_FULL,MILK_FULL,2024-04-29T08:00:00+10:00,RECEIVE,16.000000,GOODS_RECEIPT,GRI-POI-PO-2024-04-27-2024-04-29-SUP_B-MILK_FULL,,Manager
MOV-GRI-POI-PO-2024-04-27-2024-04-29-SUP_B-MILK_OAT,MILK_OAT,2024-04-29T08:00:00+10:00,RECEIVE,12.000000,GOODS_RECEIPT,GRI-POI-PO-2024-04-27-2024-04-29-SUP_B-MILK_OAT,,Manager
MOV-GRI-POI-PO-2024-04-28-2024-04-29-SUP_A-CROISSANT,CROISSANT,2024-04-29T08:00:00+10:00,RECEIVE,20.000000,GOODS_RECEIPT,GRI-POI-PO-2024-04-28-2024-04-29-SUP_A-CROISSANT,,Manager
MOV-POS-20240429-DEMO_CROISSANT-CROISSANT,CROISSANT,2024-04-29T17:00:00+10:00,USE,-24.000000,POS_SALE,POS-20240429-DEMO_CROISSANT,,SYSTEM
MOV-POS-20240429-DEMO_EGG_BREAKFAST-EGGS,EGGS,2024-04-29T17:00:00+10:00,USE,-6.000000,POS_SALE,POS-20240429-DEMO_EGG_BREAKFAST,,SYSTEM
MOV-POS-20240429-DEMO_EGG_SANDWICH-EGGS,EGGS,2024-04-29T17:00:00+10:00,USE,-10.000000,POS_SALE,POS-20240429-DEMO_EGG_SANDWICH,,SYSTEM
MOV-POS-20240429-DEMO_FLAT_WHITE-MILK_FULL,MILK_FULL,2024-04-29T17:00:00+10:00,USE,-8.400000,POS_SALE,POS-20240429-DEMO_FLAT_WHITE,,SYSTEM
MOV-POS-20240429-DEMO_FLAT_WHITE-COFFEE_REGULAR,COFFEE_REGULAR,2024-04-29T17:00:00+10:00,USE,-1.260000,POS_SALE,POS-20240429-DEMO_FLAT_WHITE,,SYSTEM
MOV-POS-20240429-DEMO_HOT_CHOCOLATE-MILK_FULL,MILK_FULL,2024-04-29T17:00:00+10:00,USE,-3.166667,POS_SALE,POS-20240429-DEMO_HOT_CHOCOLATE,,SYSTEM
MOV-POS-20240429-DEMO_ICED_LATTE-MILK_FULL,MILK_FULL,2024-04-29T17:00:00+10:00,USE,-3.666667,POS_SALE,POS-20240429-DEMO_ICED_LATTE,,SYSTEM
MOV-POS-20240429-DEMO_ICED_LATTE-COFFEE_REGULAR,COFFEE_REGULAR,2024-04-29T17:00:00+10:00,USE,-0.396000,POS_SALE,POS-20240429-DEMO_ICED_LATTE,,SYSTEM
MOV-POS-20240429-DEMO_OAT_LATTE-MILK_OAT,MILK_OAT,2024-04-29T17:00:00+10:00,USE,-8.750000,POS_SALE,POS-20240429-DEMO_OAT_LATTE,,SYSTEM
MOV-POS-20240429-DEMO_OAT_LATTE-COFFEE_REGULAR,COFFEE_REGULAR,2024-04-29T17:00:00+10:00,USE,-0.630000,POS_SALE,POS-20240429-DEMO_OAT_LATTE,,SYSTEM
MOV-POS-20240429-DEMO_SMOOTHIE-MILK_OAT,MILK_OAT,2024-04-29T17:00:00+10:00,USE,-2.400000,POS_SALE,POS-20240429-DEMO_SMOOTHIE,,SYSTEM
MOV-WASTE-2024-04-29-MILK_FULL,MILK_FULL,2024-04-29T17:30:00+10:00,WASTE,-0.117000,WASTE_LOG,WASTE-2024-04-29-MILK_FULL,SYNTHETIC_NORMAL_WASTE,Manager
MOV-WASTE-2024-04-29-MILK_OAT,MILK_OAT,2024-04-29T17:30:00+10:00,WASTE,-0.058000,WASTE_LOG,WASTE-2024-04-29-MILK_OAT,SYNTHETIC_NORMAL_WASTE,Manager
MOV-WASTE-2024-04-29-COFFEE_REGULAR,COFFEE_REGULAR,2024-04-29T17:30:00+10:00,WASTE,-0.015000,WASTE_LOG,WASTE-2024-04-29-COFFEE_REGULAR,SYNTHETIC_NORMAL_WASTE,Manager
MOV-WASTE-2024-04-29-CROISSANT,CROISSANT,2024-04-29T17:30:00+10:00,WASTE,-1.000000,WASTE_LOG,WASTE-2024-04-29-CROISSANT,SYNTHETIC_NORMAL_WASTE,Manager
MOV-GRI-POI-PO-2024-04-29-2024-04-30-SUP_A-CROISSANT,CROISSANT,2024-04-30T08:00:00+10:00,RECEIVE,20.000000,GOODS_RECEIPT,GRI-POI-PO-2024-04-29-2024-04-30-SUP_A-CROISSANT,,Manager
MOV-GRI-POI-PO-2024-04-29-2024-04-30-SUP_B-MILK_FULL,MILK_FULL,2024-04-30T08:00:00+10:00,RECEIVE,18.000000,GOODS_RECEIPT,GRI-POI-PO-2024-04-29-2024-04-30-SUP_B-MILK_FULL,,Manager
MOV-GRI-POI-PO-2024-04-29-2024-04-30-SUP_B-MILK_OAT,MILK_OAT,2024-04-30T08:00:00+10:00,RECEIVE,13.000000,GOODS_RECEIPT,GRI-POI-PO-2024-04-29-2024-04-30-SUP_B-MILK_OAT,,Manager
MOV-POS-20240430-DEMO_CROISSANT-CROISSANT,CROISSANT,2024-04-30T17:00:00+10:00,USE,-32.000000,POS_SALE,POS-20240430-DEMO_CROISSANT,,SYSTEM
MOV-POS-20240430-DEMO_EGG_BREAKFAST-EGGS,EGGS,2024-04-30T17:00:00+10:00,USE,-10.000000,POS_SALE,POS-20240430-DEMO_EGG_BREAKFAST,,SYSTEM
MOV-POS-20240430-DEMO_EGG_SANDWICH-EGGS,EGGS,2024-04-30T17:00:00+10:00,USE,-15.000000,POS_SALE,POS-20240430-DEMO_EGG_SANDWICH,,SYSTEM
MOV-POS-20240430-DEMO_FLAT_WHITE-MILK_FULL,MILK_FULL,2024-04-30T17:00:00+10:00,USE,-9.840000,POS_SALE,POS-20240430-DEMO_FLAT_WHITE,,SYSTEM
MOV-POS-20240430-DEMO_FLAT_WHITE-COFFEE_REGULAR,COFFEE_REGULAR,2024-04-30T17:00:00+10:00,USE,-1.476000,POS_SALE,POS-20240430-DEMO_FLAT_WHITE,,SYSTEM
MOV-POS-20240430-DEMO_HOT_CHOCOLATE-MILK_FULL,MILK_FULL,2024-04-30T17:00:00+10:00,USE,-3.666667,POS_SALE,POS-20240430-DEMO_HOT_CHOCOLATE,,SYSTEM
MOV-POS-20240430-DEMO_ICED_LATTE-MILK_FULL,MILK_FULL,2024-04-30T17:00:00+10:00,USE,-4.833333,POS_SALE,POS-20240430-DEMO_ICED_LATTE,,SYSTEM
MOV-POS-20240430-DEMO_ICED_LATTE-COFFEE_REGULAR,COFFEE_REGULAR,2024-04-30T17:00:00+10:00,USE,-0.522000,POS_SALE,POS-20240430-DEMO_ICED_LATTE,,SYSTEM
MOV-POS-20240430-DEMO_OAT_LATTE-MILK_OAT,MILK_OAT,2024-04-30T17:00:00+10:00,USE,-10.500000,POS_SALE,POS-20240430-DEMO_OAT_LATTE,,SYSTEM
MOV-POS-20240430-DEMO_OAT_LATTE-COFFEE_REGULAR,COFFEE_REGULAR,2024-04-30T17:00:00+10:00,USE,-0.756000,POS_SALE,POS-20240430-DEMO_OAT_LATTE,,SYSTEM
MOV-POS-20240430-DEMO_SMOOTHIE-MILK_OAT,MILK_OAT,2024-04-30T17:00:00+10:00,USE,-3.200000,POS_SALE,POS-20240430-DEMO_SMOOTHIE,,SYSTEM
MOV-WASTE-2024-04-30-MILK_FULL,MILK_FULL,2024-04-30T17:30:00+10:00,WASTE,-0.235000,WASTE_LOG,WASTE-2024-04-30-MILK_FULL,SYNTHETIC_NORMAL_WASTE,Manager
MOV-WASTE-2024-04-30-MILK_OAT,MILK_OAT,2024-04-30T17:30:00+10:00,WASTE,-0.074000,WASTE_LOG,WASTE-2024-04-30-MILK_OAT,SYNTHETIC_NORMAL_WASTE,Manager
MOV-WASTE-2024-04-30-COFFEE_REGULAR,COFFEE_REGULAR,2024-04-30T17:30:00+10:00,WASTE,-0.011000,WASTE_LOG,WASTE-2024-04-30-COFFEE_REGULAR,SYNTHETIC_NORMAL_WASTE,Manager
MOV-WASTE-2024-04-30-CROISSANT,CROISSANT,2024-04-30T17:30:00+10:00,WASTE,-1.000000,WASTE_LOG,WASTE-2024-04-30-CROISSANT,SYNTHETIC_NORMAL_WASTE,Manager
