stocktake_item_source_key,stocktake_source_key,product_id,inventory_unit,physical_quantity,system_quantity,variance,review_status
STI-2024-04-01-MILK_FULL,ST-2024-04-01,MILK_FULL,bottle,11.771667,11.771667,0.000000,MATCH
STI-2024-04-01-MILK_SKIM,ST-2024-04-01,MILK_SKIM,bottle,6.000000,6.000000,0.000000,MATCH
STI-2024-04-01-MILK_ALMOND,ST-2024-04-01,MILK_ALMOND,carton,8.000000,8.000000,0.000000,MATCH
STI-2024-04-01-MILK_OAT,ST-2024-04-01,MILK_OAT,carton,3.146000,3.146000,0.000000,MATCH
STI-2024-04-01-MILK_SOY,ST-2024-04-01,MILK_SOY,carton,8.000000,8.000000,0.000000,MATCH
STI-2024-04-01-MILK_LACTOSE_FREE,ST-2024-04-01,MILK_LACTOSE_FREE,carton,8.000000,8.000000,0.000000,MATCH
STI-2024-04-01-COFFEE_REGULAR,ST-2024-04-01,COFFEE_REGULAR,bag,5.323000,5.323000,0.000000,MATCH
STI-2024-04-01-CROISSANT,ST-2024-04-01,CROISSANT,each,9.000000,9.000000,0.000000,MATCH
STI-2024-04-01-EGGS,ST-2024-04-01,EGGS,each,201.000000,201.000000,0.000000,MATCH
STI-2024-04-02-MILK_FULL,ST-2024-04-02,MILK_FULL,bottle,7.150667,7.150667,0.000000,MATCH
STI-2024-04-02-MILK_SKIM,ST-2024-04-02,MILK_SKIM,bottle,6.000000,6.000000,0.000000,MATCH
STI-2024-04-02-MILK_ALMOND,ST-2024-04-02,MILK_ALMOND,carton,8.000000,8.000000,0.000000,MATCH
STI-2024-04-02-MILK_OAT,ST-2024-04-02,MILK_OAT,carton,3.372000,3.372000,0.000000,MATCH
STI-2024-04-02-MILK_SOY,ST-2024-04-02,MILK_SOY,carton,8.000000,8.000000,0.000000,MATCH
STI-2024-04-02-MILK_LACTOSE_FREE,ST-2024-04-02,MILK_LACTOSE_FREE,carton,8.000000,8.000000,0.000000,MATCH
STI-2024-04-02-COFFEE_REGULAR,ST-2024-04-02,COFFEE_REGULAR,bag,2.448000,2.448000,0.000000,MATCH
STI-2024-04-02-CROISSANT,ST-2024-04-02,CROISSANT,each,3.000000,3.000000,0.000000,MATCH
STI-2024-04-02-EGGS,ST-2024-04-02,EGGS,each,175.000000,175.000000,0.000000,MATCH
STI-2024-04-03-MILK_FULL,ST-2024-04-03,MILK_FULL,bottle,5.026334,5.026334,0.000000,MATCH
STI-2024-04-03-MILK_SKIM,ST-2024-04-03,MILK_SKIM,bottle,6.000000,6.000000,0.000000,MATCH
STI-2024-04-03-MILK_ALMOND,ST-2024-04-03,MILK_ALMOND,carton,8.000000,8.000000,0.000000,MATCH
STI-2024-04-03-MILK_OAT,ST-2024-04-03,MILK_OAT,carton,3.847000,3.847000,0.000000,MATCH
STI-2024-04-03-MILK_SOY,ST-2024-04-03,MILK_SOY,carton,8.000000,8.000000,0.000000,MATCH
STI-2024-04-03-MILK_LACTOSE_FREE,ST-2024-04-03,MILK_LACTOSE_FREE,carton,8.000000,8.000000,0.000000,MATCH
STI-2024-04-03-COFFEE_REGULAR,ST-2024-04-03,COFFEE_REGULAR,bag,7.477000,7.477000,0.000000,MATCH
STI-2024-04-03-CROISSANT,ST-2024-04-03,CROISSANT,each,3.000000,3.000000,0.000000,MATCH
STI-2024-04-03-EGGS,ST-2024-04-03,EGGS,each,149.000000,149.000000,0.000000,MATCH
STI-2024-04-04-MILK_FULL,ST-2024-04-04,MILK_FULL,bottle,5.422667,5.422667,0.000000,MATCH
STI-2024-04-04-MILK_SKIM,ST-2024-04-04,MILK_SKIM,bottle,6.000000,6.000000,0.000000,MATCH
STI-2024-04-04-MILK_ALMOND,ST-2024-04-04,MILK_ALMOND,carton,8.000000,8.000000,0.000000,MATCH
STI-2024-04-04-MILK_OAT,ST-2024-04-04,MILK_OAT,carton,3.178000,3.178000,0.000000,MATCH
STI-2024-04-04-MILK_SOY,ST-2024-04-04,MILK_SOY,carton,8.000000,8.000000,0.000000,MATCH
STI-2024-04-04-MILK_LACTOSE_FREE,ST-2024-04-04,MILK_LACTOSE_FREE,carton,8.000000,8.000000,0.000000,MATCH
STI-2024-04-04-COFFEE_REGULAR,ST-2024-04-04,COFFEE_REGULAR,bag,4.877000,4.877000,0.000000,MATCH
STI-2024-04-04-CROISSANT,ST-2024-04-04,CROISSANT,each,4.000000,4.000000,0.000000,MATCH
STI-2024-04-04-EGGS,ST-2024-04-04,EGGS,each,125.000000,125.000000,0.000000,MATCH
STI-2024-04-05-MILK_FULL,ST-2024-04-05,MILK_FULL,bottle,5.514334,5.514334,0.000000,MATCH
STI-2024-04-05-MILK_SKIM,ST-2024-04-05,MILK_SKIM,bottle,6.000000,6.000000,0.000000,MATCH
STI-2024-04-05-MILK_ALMOND,ST-2024-04-05,MILK_ALMOND,carton,8.000000,8.000000,0.000000,MATCH
STI-2024-04-05-MILK_OAT,ST-2024-04-05,MILK_OAT,carton,3.392000,3.392000,0.000000,MATCH
STI-2024-04-05-MILK_SOY,ST-2024-04-05,MILK_SOY,carton,8.000000,8.000000,0.000000,MATCH
STI-2024-04-05-MILK_LACTOSE_FREE,ST-2024-04-05,MILK_LACTOSE_FREE,carton,8.000000,8.000000,0.000000,MATCH
STI-2024-04-05-COFFEE_REGULAR,ST-2024-04-05,COFFEE_REGULAR,bag,2.096000,2.096000,0.000000,MATCH
STI-2024-04-05-CROISSANT,ST-2024-04-05,CROISSANT,each,4.000000,4.000000,0.000000,MATCH
STI-2024-04-05-EGGS,ST-2024-04-05,EGGS,each,100.000000,100.000000,0.000000,MATCH
STI-2024-04-06-MILK_FULL,ST-2024-04-06,MILK_FULL,bottle,21.719668,21.719668,0.000000,MATCH
STI-2024-04-06-MILK_SKIM,ST-2024-04-06,MILK_SKIM,bottle,6.000000,6.000000,0.000000,MATCH
STI-2024-04-06-MILK_ALMOND,ST-2024-04-06,MILK_ALMOND,carton,8.000000,8.000000,0.000000,MATCH
STI-2024-04-06-MILK_OAT,ST-2024-04-06,MILK_OAT,carton,14.782000,14.782000,0.000000,MATCH
STI-2024-04-06-MILK_SOY,ST-2024-04-06,MILK_SOY,carton,8.000000,8.000000,0.000000,MATCH
STI-2024-04-06-MILK_LACTOSE_FREE,ST-2024-04-06,MILK_LACTOSE_FREE,carton,8.000000,8.000000,0.000000,MATCH
STI-2024-04-06-COFFEE_REGULAR,ST-2024-04-06,COFFEE_REGULAR,bag,7.489000,7.489000,0.000000,MATCH
STI-2024-04-06-CROISSANT,ST-2024-04-06,CROISSANT,each,42.000000,42.000000,0.000000,MATCH
STI-2024-04-06-EGGS,ST-2024-04-06,EGGS,each,59.000000,59.000000,0.000000,MATCH
STI-2024-04-07-MILK_FULL,ST-2024-04-07,MILK_FULL,bottle,4.628001,4.628001,0.000000,MATCH
STI-2024-04-07-MILK_SKIM,ST-2024-04-07,MILK_SKIM,bottle,6.000000,6.000000,0.000000,MATCH
STI-2024-04-07-MILK_ALMOND,ST-2024-04-07,MILK_ALMOND,carton,8.000000,8.000000,0.000000,MATCH
STI-2024-04-07-MILK_OAT,ST-2024-04-07,MILK_OAT,carton,3.048000,3.048000,0.000000,MATCH
STI-2024-04-07-MILK_SOY,ST-2024-04-07,MILK_SOY,carton,8.000000,8.000000,0.000000,MATCH
STI-2024-04-07-MILK_LACTOSE_FREE,ST-2024-04-07,MILK_LACTOSE_FREE,carton,8.000000,8.000000,0.000000,MATCH
STI-2024-04-07-COFFEE_REGULAR,ST-2024-04-07,COFFEE_REGULAR,bag,5.070000,5.070000,0.000000,MATCH
STI-2024-04-07-CROISSANT,ST-2024-04-07,CROISSANT,each,1.000000,1.000000,0.000000,MATCH
STI-2024-04-07-EGGS,ST-2024-04-07,EGGS,each,29.000000,29.000000,0.000000,MATCH
STI-2024-04-08-MILK_FULL,ST-2024-04-08,MILK_FULL,bottle,19.863334,19.863334,0.000000,MATCH
STI-2024-04-08-MILK_SKIM,ST-2024-04-08,MILK_SKIM,bottle,6.000000,6.000000,0.000000,MATCH
STI-2024-04-08-MILK_ALMOND,ST-2024-04-08,MILK_ALMOND,carton,8.000000,8.000000,0.000000,MATCH
STI-2024-04-08-MILK_OAT,ST-2024-04-08,MILK_OAT,carton,2.911000,2.911000,0.000000,MATCH
STI-2024-04-08-MILK_SOY,ST-2024-04-08,MILK_SOY,carton,8.000000,8.000000,0.000000,MATCH
STI-2024-04-08-MILK_LACTOSE_FREE,ST-2024-04-08,MILK_LACTOSE_FREE,carton,8.000000,8.000000,0.000000,MATCH
STI-2024-04-08-COFFEE_REGULAR,ST-2024-04-08,COFFEE_REGULAR,bag,2.316000,2.316000,0.000000,MATCH
STI-2024-04-08-CROISSANT,ST-2024-04-08,CROISSANT,each,22.000000,22.000000,0.000000,MATCH
STI-2024-04-08-EGGS,ST-2024-04-08,EGGS,each,229.000000,229.000000,0.000000,MATCH
STI-2024-04-09-MILK_FULL,ST-2024-04-09,MILK_FULL,bottle,17.216667,17.216667,0.000000,MATCH
STI-2024-04-09-MILK_SKIM,ST-2024-04-09,MILK_SKIM,bottle,6.000000,6.000000,0.000000,MATCH
STI-2024-04-09-MILK_ALMOND,ST-2024-04-09,MILK_ALMOND,carton,8.000000,8.000000,0.000000,MATCH
STI-2024-04-09-MILK_OAT,ST-2024-04-09,MILK_OAT,carton,3.016000,3.016000,0.000000,MATCH
STI-2024-04-09-MILK_SOY,ST-2024-04-09,MILK_SOY,carton,8.000000,8.000000,0.000000,MATCH
STI-2024-04-09-MILK_LACTOSE_FREE,ST-2024-04-09,MILK_LACTOSE_FREE,carton,8.000000,8.000000,0.000000,MATCH
STI-2024-04-09-COFFEE_REGULAR,ST-2024-04-09,COFFEE_REGULAR,bag,7.711000,7.711000,0.000000,MATCH
STI-2024-04-09-CROISSANT,ST-2024-04-09,CROISSANT,each,11.000000,11.000000,0.000000,MATCH
STI-2024-04-09-EGGS,ST-2024-04-09,EGGS,each,205.000000,205.000000,0.000000,MATCH
STI-2024-04-10-MILK_FULL,ST-2024-04-10,MILK_FULL,bottle,15.268334,15.268334,0.000000,MATCH
STI-2024-04-10-MILK_SKIM,ST-2024-04-10,MILK_SKIM,bottle,6.000000,6.000000,0.000000,MATCH
STI-2024-04-10-MILK_ALMOND,ST-2024-04-10,MILK_ALMOND,carton,8.000000,8.000000,0.000000,MATCH
STI-2024-04-10-MILK_OAT,ST-2024-04-10,MILK_OAT,carton,3.834000,3.834000,0.000000,MATCH
STI-2024-04-10-MILK_SOY,ST-2024-04-10,MILK_SOY,carton,8.000000,8.000000,0.000000,MATCH
STI-2024-04-10-MILK_LACTOSE_FREE,ST-2024-04-10,MILK_LACTOSE_FREE,carton,8.000000,8.000000,0.000000,MATCH
STI-2024-04-10-COFFEE_REGULAR,ST-2024-04-10,COFFEE_REGULAR,bag,5.176000,5.176000,0.000000,MATCH
STI-2024-04-10-CROISSANT,ST-2024-04-10,CROISSANT,each,4.000000,4.000000,0.000000,MATCH
STI-2024-04-10-EGGS,ST-2024-04-10,EGGS,each,181.000000,181.000000,0.000000,MATCH
STI-2024-04-11-MILK_FULL,ST-2024-04-11,MILK_FULL,bottle,12.549667,12.549667,0.000000,MATCH
STI-2024-04-11-MILK_SKIM,ST-2024-04-11,MILK_SKIM,bottle,6.000000,6.000000,0.000000,MATCH
STI-2024-04-11-MILK_ALMOND,ST-2024-04-11,MILK_ALMOND,carton,8.000000,8.000000,0.000000,MATCH
STI-2024-04-11-MILK_OAT,ST-2024-04-11,MILK_OAT,carton,2.939000,2.939000,0.000000,MATCH
STI-2024-04-11-MILK_SOY,ST-2024-04-11,MILK_SOY,carton,8.000000,8.000000,0.000000,MATCH
STI-2024-04-11-MILK_LACTOSE_FREE,ST-2024-04-11,MILK_LACTOSE_FREE,carton,8.000000,8.000000,0.000000,MATCH
STI-2024-04-11-COFFEE_REGULAR,ST-2024-04-11,COFFEE_REGULAR,bag,2.554000,2.554000,0.000000,MATCH
STI-2024-04-11-CROISSANT,ST-2024-04-11,CROISSANT,each,3.000000,3.000000,0.000000,MATCH
STI-2024-04-11-EGGS,ST-2024-04-11,EGGS,each,157.000000,157.000000,0.000000,MATCH
STI-2024-04-12-MILK_FULL,ST-2024-04-12,MILK_FULL,bottle,12.172333,12.172333,0.000000,MATCH
STI-2024-04-12-MILK_SKIM,ST-2024-04-12,MILK_SKIM,bottle,6.000000,6.000000,0.000000,MATCH
STI-2024-04-12-MILK_ALMOND,ST-2024-04-12,MILK_ALMOND,carton,8.000000,8.000000,0.000000,MATCH
STI-2024-04-12-MILK_OAT,ST-2024-04-12,MILK_OAT,carton,3.854000,3.854000,0.000000,MATCH
STI-2024-04-12-MILK_SOY,ST-2024-04-12,MILK_SOY,carton,8.000000,8.000000,0.000000,MATCH
STI-2024-04-12-MILK_LACTOSE_FREE,ST-2024-04-12,MILK_LACTOSE_FREE,carton,8.000000,8.000000,0.000000,MATCH
STI-2024-04-12-COFFEE_REGULAR,ST-2024-04-12,COFFEE_REGULAR,bag,8.259000,8.259000,0.000000,MATCH
STI-2024-04-12-CROISSANT,ST-2024-04-12,CROISSANT,each,5.000000,5.000000,0.000000,MATCH
STI-2024-04-12-EGGS,ST-2024-04-12,EGGS,each,140.000000,140.000000,0.000000,MATCH
STI-2024-04-13-MILK_FULL,ST-2024-04-13,MILK_FULL,bottle,25.021333,25.021333,0.000000,MATCH
STI-2024-04-13-MILK_SKIM,ST-2024-04-13,MILK_SKIM,bottle,6.000000,6.000000,0.000000,MATCH
STI-2024-04-13-MILK_ALMOND,ST-2024-04-13,MILK_ALMOND,carton,8.000000,8.000000,0.000000,MATCH
STI-2024-04-13-MILK_OAT,ST-2024-04-13,MILK_OAT,carton,17.485000,17.485000,0.000000,MATCH
STI-2024-04-13-MILK_SOY,ST-2024-04-13,MILK_SOY,carton,8.000000,8.000000,0.000000,MATCH
STI-2024-04-13-MILK_LACTOSE_FREE,ST-2024-04-13,MILK_LACTOSE_FREE,carton,8.000000,8.000000,0.000000,MATCH
STI-2024-04-13-COFFEE_REGULAR,ST-2024-04-13,COFFEE_REGULAR,bag,5.975000,5.975000,0.000000,MATCH
STI-2024-04-13-CROISSANT,ST-2024-04-13,CROISSANT,each,56.000000,56.000000,0.000000,MATCH
STI-2024-04-13-EGGS,ST-2024-04-13,EGGS,each,105.000000,105.000000,0.000000,MATCH
STI-2024-04-14-MILK_FULL,ST-2024-04-14,MILK_FULL,bottle,4.861333,4.861333,0.000000,MATCH
STI-2024-04-14-MILK_SKIM,ST-2024-04-14,MILK_SKIM,bottle,6.000000,6.000000,0.000000,MATCH
STI-2024-04-14-MILK_ALMOND,ST-2024-04-14,MILK_ALMOND,carton,8.000000,8.000000,0.000000,MATCH
STI-2024-04-14-MILK_OAT,ST-2024-04-14,MILK_OAT,carton,3.668000,3.668000,0.000000,MATCH
STI-2024-04-14-MILK_SOY,ST-2024-04-14,MILK_SOY,carton,8.000000,8.000000,0.000000,MATCH
STI-2024-04-14-MILK_LACTOSE_FREE,ST-2024-04-14,MILK_LACTOSE_FREE,carton,8.000000,8.000000,0.000000,MATCH
STI-2024-04-14-COFFEE_REGULAR,ST-2024-04-14,COFFEE_REGULAR,bag,3.157000,3.157000,0.000000,MATCH
STI-2024-04-14-CROISSANT,ST-2024-04-14,CROISSANT,each,2.000000,2.000000,0.000000,MATCH
STI-2024-04-14-EGGS,ST-2024-04-14,EGGS,each,60.000000,60.000000,0.000000,MATCH
STI-2024-04-15-MILK_FULL,ST-2024-04-15,MILK_FULL,bottle,19.702667,19.702667,0.000000,MATCH
STI-2024-04-15-MILK_SKIM,ST-2024-04-15,MILK_SKIM,bottle,6.000000,6.000000,0.000000,MATCH
STI-2024-04-15-MILK_ALMOND,ST-2024-04-15,MILK_ALMOND,carton,8.000000,8.000000,0.000000,MATCH
STI-2024-04-15-MILK_OAT,ST-2024-04-15,MILK_OAT,carton,2.904000,2.904000,0.000000,MATCH
STI-2024-04-15-MILK_SOY,ST-2024-04-15,MILK_SOY,carton,8.000000,8.000000,0.000000,MATCH
STI-2024-04-15-MILK_LACTOSE_FREE,ST-2024-04-15,MILK_LACTOSE_FREE,carton,8.000000,8.000000,0.000000,MATCH
STI-2024-04-15-COFFEE_REGULAR,ST-2024-04-15,COFFEE_REGULAR,bag,8.752000,8.752000,0.000000,MATCH
STI-2024-04-15-CROISSANT,ST-2024-04-15,CROISSANT,each,22.000000,22.000000,0.000000,MATCH
STI-2024-04-15-EGGS,ST-2024-04-15,EGGS,each,268.000000,268.000000,0.000000,MATCH
STI-2024-04-16-MILK_FULL,ST-2024-04-16,MILK_FULL,bottle,17.812334,17.812334,0.000000,MATCH
STI-2024-04-16-MILK_SKIM,ST-2024-04-16,MILK_SKIM,bottle,6.000000,6.000000,0.000000,MATCH
STI-2024-04-16-MILK_ALMOND,ST-2024-04-16,MILK_ALMOND,carton,8.000000,8.000000,0.000000,MATCH
STI-2024-04-16-MILK_OAT,ST-2024-04-16,MILK_OAT,carton,3.644000,3.644000,0.000000,MATCH
STI-2024-04-16-MILK_SOY,ST-2024-04-16,MILK_SOY,carton,8.000000,8.000000,0.000000,MATCH
STI-2024-04-16-MILK_LACTOSE_FREE,ST-2024-04-16,MILK_LACTOSE_FREE,carton,8.000000,8.000000,0.000000,MATCH
STI-2024-04-16-COFFEE_REGULAR,ST-2024-04-16,COFFEE_REGULAR,bag,6.232000,6.232000,0.000000,MATCH
STI-2024-04-16-CROISSANT,ST-2024-04-16,CROISSANT,each,12.000000,12.000000,0.000000,MATCH
STI-2024-04-16-EGGS,ST-2024-04-16,EGGS,each,245.000000,245.000000,0.000000,MATCH
STI-2024-04-17-MILK_FULL,ST-2024-04-17,MILK_FULL,bottle,16.598334,16.598334,0.000000,MATCH
STI-2024-04-17-MILK_SKIM,ST-2024-04-17,MILK_SKIM,bottle,6.000000,6.000000,0.000000,MATCH
STI-2024-04-17-MILK_ALMOND,ST-2024-04-17,MILK_ALMOND,carton,8.000000,8.000000,0.000000,MATCH
STI-2024-04-17-MILK_OAT,ST-2024-04-17,MILK_OAT,carton,3.703000,3.703000,0.000000,MATCH
STI-2024-04-17-MILK_SOY,ST-2024-04-17,MILK_SOY,carton,8.000000,8.000000,0.000000,MATCH
STI-2024-04-17-MILK_LACTOSE_FREE,ST-2024-04-17,MILK_LACTOSE_FREE,carton,8.000000,8.000000,0.000000,MATCH
STI-2024-04-17-COFFEE_REGULAR,ST-2024-04-17,COFFEE_REGULAR,bag,3.820000,3.820000,0.000000,MATCH
STI-2024-04-17-CROISSANT,ST-2024-04-17,CROISSANT,each,4.000000,4.000000,0.000000,MATCH
STI-2024-04-17-EGGS,ST-2024-04-17,EGGS,each,224.000000,224.000000,0.000000,MATCH
STI-2024-04-18-MILK_FULL,ST-2024-04-18,MILK_FULL,bottle,13.968667,13.968667,0.000000,MATCH
STI-2024-04-18-MILK_SKIM,ST-2024-04-18,MILK_SKIM,bottle,6.000000,6.000000,0.000000,MATCH
STI-2024-04-18-MILK_ALMOND,ST-2024-04-18,MILK_ALMOND,carton,8.000000,8.000000,0.000000,MATCH
STI-2024-04-18-MILK_OAT,ST-2024-04-18,MILK_OAT,carton,3.633000,3.633000,0.000000,MATCH
STI-2024-04-18-MILK_SOY,ST-2024-04-18,MILK_SOY,carton,8.000000,8.000000,0.000000,MATCH
STI-2024-04-18-MILK_LACTOSE_FREE,ST-2024-04-18,MILK_LACTOSE_FREE,carton,8.000000,8.000000,0.000000,MATCH
STI-2024-04-18-COFFEE_REGULAR,ST-2024-04-18,COFFEE_REGULAR,bag,1.177000,1.177000,0.000000,MATCH
STI-2024-04-18-CROISSANT,ST-2024-04-18,CROISSANT,each,4.000000,4.000000,0.000000,MATCH
STI-2024-04-18-EGGS,ST-2024-04-18,EGGS,each,200.000000,200.000000,0.000000,MATCH
STI-2024-04-19-MILK_FULL,ST-2024-04-19,MILK_FULL,bottle,9.358667,9.358667,0.000000,MATCH
STI-2024-04-19-MILK_SKIM,ST-2024-04-19,MILK_SKIM,bottle,6.000000,6.000000,0.000000,MATCH
STI-2024-04-19-MILK_ALMOND,ST-2024-04-19,MILK_ALMOND,carton,8.000000,8.000000,0.000000,MATCH
STI-2024-04-19-MILK_OAT,ST-2024-04-19,MILK_OAT,carton,3.834000,3.834000,0.000000,MATCH
STI-2024-04-19-MILK_SOY,ST-2024-04-19,MILK_SOY,carton,8.000000,8.000000,0.000000,MATCH
STI-2024-04-19-MILK_LACTOSE_FREE,ST-2024-04-19,MILK_LACTOSE_FREE,carton,8.000000,8.000000,0.000000,MATCH
STI-2024-04-19-COFFEE_REGULAR,ST-2024-04-19,COFFEE_REGULAR,bag,6.315000,6.315000,0.000000,MATCH
STI-2024-04-19-CROISSANT,ST-2024-04-19,CROISSANT,each,4.000000,4.000000,0.000000,MATCH
STI-2024-04-19-EGGS,ST-2024-04-19,EGGS,each,174.000000,174.000000,0.000000,MATCH
STI-2024-04-20-MILK_FULL,ST-2024-04-20,MILK_FULL,bottle,23.566001,23.566001,0.000000,MATCH
STI-2024-04-20-MILK_SKIM,ST-2024-04-20,MILK_SKIM,bottle,6.000000,6.000000,0.000000,MATCH
STI-2024-04-20-MILK_ALMOND,ST-2024-04-20,MILK_ALMOND,carton,8.000000,8.000000,0.000000,MATCH
STI-2024-04-20-MILK_OAT,ST-2024-04-20,MILK_OAT,carton,15.374000,15.374000,0.000000,MATCH
STI-2024-04-20-MILK_SOY,ST-2024-04-20,MILK_SOY,carton,8.000000,8.000000,0.000000,MATCH
STI-2024-04-20-MILK_LACTOSE_FREE,ST-2024-04-20,MILK_LACTOSE_FREE,carton,8.000000,8.000000,0.000000,MATCH
STI-2024-04-20-COFFEE_REGULAR,ST-2024-04-20,COFFEE_REGULAR,bag,3.705000,3.705000,0.000000,MATCH
STI-2024-04-20-CROISSANT,ST-2024-04-20,CROISSANT,each,48.000000,48.000000,0.000000,MATCH
STI-2024-04-20-EGGS,ST-2024-04-20,EGGS,each,132.000000,132.000000,0.000000,MATCH
STI-2024-04-21-MILK_FULL,ST-2024-04-21,MILK_FULL,bottle,5.283667,5.283667,0.000000,MATCH
STI-2024-04-21-MILK_SKIM,ST-2024-04-21,MILK_SKIM,bottle,6.000000,6.000000,0.000000,MATCH
STI-2024-04-21-MILK_ALMOND,ST-2024-04-21,MILK_ALMOND,carton,8.000000,8.000000,0.000000,MATCH
STI-2024-04-21-MILK_OAT,ST-2024-04-21,MILK_OAT,carton,3.398000,3.398000,0.000000,MATCH
STI-2024-04-21-MILK_SOY,ST-2024-04-21,MILK_SOY,carton,8.000000,8.000000,0.000000,MATCH
STI-2024-04-21-MILK_LACTOSE_FREE,ST-2024-04-21,MILK_LACTOSE_FREE,carton,8.000000,8.000000,0.000000,MATCH
STI-2024-04-21-COFFEE_REGULAR,ST-2024-04-21,COFFEE_REGULAR,bag,1.179000,1.179000,0.000000,MATCH
STI-2024-04-21-CROISSANT,ST-2024-04-21,CROISSANT,each,3.000000,3.000000,0.000000,MATCH
STI-2024-04-21-EGGS,ST-2024-04-21,EGGS,each,92.000000,92.000000,0.000000,MATCH
STI-2024-04-22-MILK_FULL,ST-2024-04-22,MILK_FULL,bottle,4.979334,4.979334,0.000000,MATCH
STI-2024-04-22-MILK_SKIM,ST-2024-04-22,MILK_SKIM,bottle,6.000000,6.000000,0.000000,MATCH
STI-2024-04-22-MILK_ALMOND,ST-2024-04-22,MILK_ALMOND,carton,8.000000,8.000000,0.000000,MATCH
STI-2024-04-22-MILK_OAT,ST-2024-04-22,MILK_OAT,carton,3.559000,3.559000,0.000000,MATCH
STI-2024-04-22-MILK_SOY,ST-2024-04-22,MILK_SOY,carton,8.000000,8.000000,0.000000,MATCH
STI-2024-04-22-MILK_LACTOSE_FREE,ST-2024-04-22,MILK_LACTOSE_FREE,carton,8.000000,8.000000,0.000000,MATCH
STI-2024-04-22-COFFEE_REGULAR,ST-2024-04-22,COFFEE_REGULAR,bag,6.479000,6.479000,0.000000,MATCH
STI-2024-04-22-CROISSANT,ST-2024-04-22,CROISSANT,each,23.000000,23.000000,0.000000,MATCH
STI-2024-04-22-EGGS,ST-2024-04-22,EGGS,each,67.000000,67.000000,0.000000,MATCH
STI-2024-04-23-MILK_FULL,ST-2024-04-23,MILK_FULL,bottle,5.559001,5.559001,0.000000,MATCH
STI-2024-04-23-MILK_SKIM,ST-2024-04-23,MILK_SKIM,bottle,6.000000,6.000000,0.000000,MATCH
STI-2024-04-23-MILK_ALMOND,ST-2024-04-23,MILK_ALMOND,carton,8.000000,8.000000,0.000000,MATCH
STI-2024-04-23-MILK_OAT,ST-2024-04-23,MILK_OAT,carton,3.706000,3.706000,0.000000,MATCH
STI-2024-04-23-MILK_SOY,ST-2024-04-23,MILK_SOY,carton,8.000000,8.000000,0.000000,MATCH
STI-2024-04-23-MILK_LACTOSE_FREE,ST-2024-04-23,MILK_LACTOSE_FREE,carton,8.000000,8.000000,0.000000,MATCH
STI-2024-04-23-COFFEE_REGULAR,ST-2024-04-23,COFFEE_REGULAR,bag,3.766000,3.766000,0.000000,MATCH
STI-2024-04-23-CROISSANT,ST-2024-04-23,CROISSANT,each,12.000000,12.000000,0.000000,MATCH
STI-2024-04-23-EGGS,ST-2024-04-23,EGGS,each,43.000000,43.000000,0.000000,MATCH
STI-2024-04-24-MILK_FULL,ST-2024-04-24,MILK_FULL,bottle,4.887001,4.887001,0.000000,MATCH
STI-2024-04-24-MILK_SKIM,ST-2024-04-24,MILK_SKIM,bottle,6.000000,6.000000,0.000000,MATCH
STI-2024-04-24-MILK_ALMOND,ST-2024-04-24,MILK_ALMOND,carton,8.000000,8.000000,0.000000,MATCH
STI-2024-04-24-MILK_OAT,ST-2024-04-24,MILK_OAT,carton,3.306000,3.306000,0.000000,MATCH
STI-2024-04-24-MILK_SOY,ST-2024-04-24,MILK_SOY,carton,8.000000,8.000000,0.000000,MATCH
STI-2024-04-24-MILK_LACTOSE_FREE,ST-2024-04-24,MILK_LACTOSE_FREE,carton,8.000000,8.000000,0.000000,MATCH
STI-2024-04-24-COFFEE_REGULAR,ST-2024-04-24,COFFEE_REGULAR,bag,8.743000,8.743000,0.000000,MATCH
STI-2024-04-24-CROISSANT,ST-2024-04-24,CROISSANT,each,3.000000,3.000000,0.000000,MATCH
STI-2024-04-24-EGGS,ST-2024-04-24,EGGS,each,240.000000,240.000000,0.000000,MATCH
STI-2024-04-25-MILK_FULL,ST-2024-04-25,MILK_FULL,bottle,5.451001,5.451001,0.000000,MATCH
STI-2024-04-25-MILK_SKIM,ST-2024-04-25,MILK_SKIM,bottle,6.000000,6.000000,0.000000,MATCH
STI-2024-04-25-MILK_ALMOND,ST-2024-04-25,MILK_ALMOND,carton,8.000000,8.000000,0.000000,MATCH
STI-2024-04-25-MILK_OAT,ST-2024-04-25,MILK_OAT,carton,3.784000,3.784000,0.000000,MATCH
STI-2024-04-25-MILK_SOY,ST-2024-04-25,MILK_SOY,carton,8.000000,8.000000,0.000000,MATCH
STI-2024-04-25-MILK_LACTOSE_FREE,ST-2024-04-25,MILK_LACTOSE_FREE,carton,8.000000,8.000000,0.000000,MATCH
STI-2024-04-25-COFFEE_REGULAR,ST-2024-04-25,COFFEE_REGULAR,bag,6.008000,6.008000,0.000000,MATCH
STI-2024-04-25-CROISSANT,ST-2024-04-25,CROISSANT,each,4.000000,4.000000,0.000000,MATCH
STI-2024-04-25-EGGS,ST-2024-04-25,EGGS,each,215.000000,215.000000,0.000000,MATCH
STI-2024-04-26-MILK_FULL,ST-2024-04-26,MILK_FULL,bottle,4.896334,4.896334,0.000000,MATCH
STI-2024-04-26-MILK_SKIM,ST-2024-04-26,MILK_SKIM,bottle,6.000000,6.000000,0.000000,MATCH
STI-2024-04-26-MILK_ALMOND,ST-2024-04-26,MILK_ALMOND,carton,8.000000,8.000000,0.000000,MATCH
STI-2024-04-26-MILK_OAT,ST-2024-04-26,MILK_OAT,carton,2.851000,2.851000,0.000000,MATCH
STI-2024-04-26-MILK_SOY,ST-2024-04-26,MILK_SOY,carton,8.000000,8.000000,0.000000,MATCH
STI-2024-04-26-MILK_LACTOSE_FREE,ST-2024-04-26,MILK_LACTOSE_FREE,carton,8.000000,8.000000,0.000000,MATCH
STI-2024-04-26-COFFEE_REGULAR,ST-2024-04-26,COFFEE_REGULAR,bag,3.408000,3.408000,0.000000,MATCH
STI-2024-04-26-CROISSANT,ST-2024-04-26,CROISSANT,each,4.000000,4.000000,0.000000,MATCH
STI-2024-04-26-EGGS,ST-2024-04-26,EGGS,each,193.000000,193.000000,0.000000,MATCH
STI-2024-04-27-MILK_FULL,ST-2024-04-27,MILK_FULL,bottle,22.312668,22.312668,0.000000,MATCH
STI-2024-04-27-MILK_SKIM,ST-2024-04-27,MILK_SKIM,bottle,6.000000,6.000000,0.000000,MATCH
STI-2024-04-27-MILK_ALMOND,ST-2024-04-27,MILK_ALMOND,carton,8.000000,8.000000,0.000000,MATCH
STI-2024-04-27-MILK_OAT,ST-2024-04-27,MILK_OAT,carton,14.592000,14.592000,0.000000,MATCH
STI-2024-04-27-MILK_SOY,ST-2024-04-27,MILK_SOY,carton,8.000000,8.000000,0.000000,MATCH
STI-2024-04-27-MILK_LACTOSE_FREE,ST-2024-04-27,MILK_LACTOSE_FREE,carton,8.000000,8.000000,0.000000,MATCH
STI-2024-04-27-COFFEE_REGULAR,ST-2024-04-27,COFFEE_REGULAR,bag,8.515000,8.515000,0.000000,MATCH
STI-2024-04-27-CROISSANT,ST-2024-04-27,CROISSANT,each,46.000000,46.000000,0.000000,MATCH
STI-2024-04-27-EGGS,ST-2024-04-27,EGGS,each,148.000000,148.000000,0.000000,MATCH
STI-2024-04-28-MILK_FULL,ST-2024-04-28,MILK_FULL,bottle,4.818668,4.818668,0.000000,MATCH
STI-2024-04-28-MILK_SKIM,ST-2024-04-28,MILK_SKIM,bottle,6.000000,6.000000,0.000000,MATCH
STI-2024-04-28-MILK_ALMOND,ST-2024-04-28,MILK_ALMOND,carton,8.000000,8.000000,0.000000,MATCH
STI-2024-04-28-MILK_OAT,ST-2024-04-28,MILK_OAT,carton,2.917000,2.917000,0.000000,MATCH
STI-2024-04-28-MILK_SOY,ST-2024-04-28,MILK_SOY,carton,8.000000,8.000000,0.000000,MATCH
STI-2024-04-28-MILK_LACTOSE_FREE,ST-2024-04-28,MILK_LACTOSE_FREE,carton,8.000000,8.000000,0.000000,MATCH
STI-2024-04-28-COFFEE_REGULAR,ST-2024-04-28,COFFEE_REGULAR,bag,6.095000,6.095000,0.000000,MATCH
STI-2024-04-28-CROISSANT,ST-2024-04-28,CROISSANT,each,1.000000,1.000000,0.000000,MATCH
STI-2024-04-28-EGGS,ST-2024-04-28,EGGS,each,110.000000,110.000000,0.000000,MATCH
STI-2024-04-29-MILK_FULL,ST-2024-04-29,MILK_FULL,bottle,5.468334,5.468334,0.000000,MATCH
STI-2024-04-29-MILK_SKIM,ST-2024-04-29,MILK_SKIM,bottle,6.000000,6.000000,0.000000,MATCH
STI-2024-04-29-MILK_ALMOND,ST-2024-04-29,MILK_ALMOND,carton,8.000000,8.000000,0.000000,MATCH
STI-2024-04-29-MILK_OAT,ST-2024-04-29,MILK_OAT,carton,3.709000,3.709000,0.000000,MATCH
STI-2024-04-29-MILK_SOY,ST-2024-04-29,MILK_SOY,carton,8.000000,8.000000,0.000000,MATCH
STI-2024-04-29-MILK_LACTOSE_FREE,ST-2024-04-29,MILK_LACTOSE_FREE,carton,8.000000,8.000000,0.000000,MATCH
STI-2024-04-29-COFFEE_REGULAR,ST-2024-04-29,COFFEE_REGULAR,bag,3.794000,3.794000,0.000000,MATCH
STI-2024-04-29-CROISSANT,ST-2024-04-29,CROISSANT,each,22.000000,22.000000,0.000000,MATCH
STI-2024-04-29-EGGS,ST-2024-04-29,EGGS,each,94.000000,94.000000,0.000000,MATCH
STI-2024-04-30-MILK_FULL,ST-2024-04-30,MILK_FULL,bottle,4.893334,4.893334,0.000000,MATCH
STI-2024-04-30-MILK_SKIM,ST-2024-04-30,MILK_SKIM,bottle,6.000000,6.000000,0.000000,MATCH
STI-2024-04-30-MILK_ALMOND,ST-2024-04-30,MILK_ALMOND,carton,8.000000,8.000000,0.000000,MATCH
STI-2024-04-30-MILK_OAT,ST-2024-04-30,MILK_OAT,carton,2.935000,2.935000,0.000000,MATCH
STI-2024-04-30-MILK_SOY,ST-2024-04-30,MILK_SOY,carton,8.000000,8.000000,0.000000,MATCH
STI-2024-04-30-MILK_LACTOSE_FREE,ST-2024-04-30,MILK_LACTOSE_FREE,carton,8.000000,8.000000,0.000000,MATCH
STI-2024-04-30-COFFEE_REGULAR,ST-2024-04-30,COFFEE_REGULAR,bag,1.029000,1.029000,0.000000,MATCH
STI-2024-04-30-CROISSANT,ST-2024-04-30,CROISSANT,each,9.000000,9.000000,0.000000,MATCH
STI-2024-04-30-EGGS,ST-2024-04-30,EGGS,each,69.000000,69.000000,0.000000,MATCH
