event_source_key,event_date,event_type,product_id,expected_quantity,actual_quantity,quantity_unit,resolution
GRI-POI-PO-2024-04-03-2024-04-04-SUP_B-MILK_OAT,2024-04-04,SHORT_DELIVERY,MILK_OAT,12.000000,10.000000,carton,ACCEPTED_QUANTITY_POSTED
GRI-POI-PO-2024-04-05-2024-04-06-SUP_B-MILK_FULL,2024-04-06,SHORT_DELIVERY,MILK_FULL,35.000000,32.000000,bottle,ACCEPTED_QUANTITY_POSTED
GRI-POI-PO-2024-04-07-2024-04-08-SUP_A-CROISSANT,2024-04-08,MISSING_ITEM,CROISSANT,20.000000,0.000000,each,NO_RECEIVE_POSTED
GRI-POI-PO-2024-04-07-2024-04-08-SUP_B-MILK_FULL,2024-04-08,MISSING_ITEM,MILK_FULL,15.000000,0.000000,bottle,NO_RECEIVE_POSTED
STI-2024-04-12-MILK_OAT,2024-04-12,STOCKTAKE_VARIANCE,MILK_OAT,3.854000,3.354000,carton,ADJUSTMENT_POSTED
GRI-POI-PO-2024-04-13-2024-04-15-SUP_C-EGGS,2024-04-15,SHORT_DELIVERY,EGGS,9.000000,8.000000,tray,ACCEPTED_QUANTITY_POSTED
GRI-POI-PO-2024-04-14-2024-04-15-SUP_B-MILK_FULL,2024-04-15,WRONG_PRODUCT,MILK_FULL,15.000000,0.000000,bottle,NO_RECEIVE_POSTED
STI-2024-04-20-EGGS,2024-04-20,STOCKTAKE_VARIANCE,EGGS,107.000000,104.000000,each,ADJUSTMENT_POSTED
STI-2024-04-25-COFFEE_REGULAR,2024-04-25,STOCKTAKE_VARIANCE,COFFEE_REGULAR,6.008000,6.208000,bag,ADJUSTMENT_POSTED
